-- Adminer 4.1.0 MySQL dump

SET NAMES utf8;
SET time_zone = '+00:00';
SET foreign_key_checks = 0;
SET sql_mode = 'NO_AUTO_VALUE_ON_ZERO';

DROP DATABASE IF EXISTS `banking`;
CREATE DATABASE `banking` /*!40100 DEFAULT CHARACTER SET latin1 */;
USE `banking`;

DELIMITER ;;

CREATE PROCEDURE `process_transaction`()
BEGIN

   DECLARE exit handler for sqlexception
      BEGIN
          -- ERROR
        ROLLBACK;
      END;
 
    DECLARE exit handler for sqlwarning
      BEGIN
         -- WARNING
         ROLLBACK;
     END;

   IF @totalTransactions <> @validTransactionsCounter/2
   THEN
       ROLLBACK;
       select (@validTransactionsCounter);
   ELSE
      COMMIT;
       select (@totalTransactions);
   END IF;

END;;

DELIMITER ;

DROP TABLE IF EXISTS `accounts`;
CREATE TABLE `accounts` (
  `a_id` int(11) NOT NULL AUTO_INCREMENT,
  `a_name` varchar(50) NOT NULL DEFAULT 'default account ',
  `a_user` int(11) NOT NULL COMMENT 'owner of the account',
  `a_number` varchar(20) NOT NULL,
  `a_balance` double NOT NULL,
  `a_timestamp` timestamp NOT NULL DEFAULT CURRENT_TIMESTAMP,
  PRIMARY KEY (`a_id`),
  KEY `a_user` (`a_user`),
  CONSTRAINT `accounts_ibfk_3` FOREIGN KEY (`a_user`) REFERENCES `users` (`u_id`) ON DELETE CASCADE
) ENGINE=InnoDB AUTO_INCREMENT=34 DEFAULT CHARSET=latin1;

TRUNCATE `accounts`;
INSERT INTO `accounts` (`a_id`, `a_name`, `a_user`, `a_number`, `a_balance`, `a_timestamp`) VALUES
(1,	'alice personal acount',	1,	'1',	225,	'2014-10-11 17:55:40'),
(2,	'Starter',	2,	'2',	13,	'2014-10-11 22:34:16'),
(9,	'default account ',	10,	'123569',	-500,	'2014-10-12 09:35:34'),
(31,	'default account ',	34,	'12345',	0,	'2014-11-24 23:01:58'),
(32,	'default account ',	35,	'4324',	200,	'2014-11-24 23:19:31'),
(33,	'admin account',	11,	'0',	237,	'2014-11-25 12:13:32');

DROP TABLE IF EXISTS `debug`;
CREATE TABLE `debug` (
  `id` int(11) NOT NULL AUTO_INCREMENT,
  `name` varchar(30) NOT NULL,
  `value` int(11) NOT NULL,
  `timestamp` timestamp NOT NULL DEFAULT CURRENT_TIMESTAMP,
  PRIMARY KEY (`id`)
) ENGINE=InnoDB AUTO_INCREMENT=287 DEFAULT CHARSET=latin1;

TRUNCATE `debug`;
INSERT INTO `debug` (`id`, `name`, `value`, `timestamp`) VALUES
(166,	'@totalTransactions',	1,	'2014-11-24 12:25:57'),
(167,	'@senderAccountId',	1,	'2014-11-24 12:25:57'),
(168,	'@receiverAccountId',	2,	'2014-11-24 12:25:57'),
(169,	'@sufficientBalance',	1,	'2014-11-24 12:25:57'),
(170,	'@validTransactionsCounter',	1,	'2014-11-24 12:25:57'),
(171,	'@transactionValid',	182,	'2014-11-24 12:25:57'),
(172,	'@transactionValid',	183,	'2014-11-24 12:25:57'),
(173,	'@codesDisabled',	1,	'2014-11-24 12:25:57'),
(174,	'@validTransactionsCounter',	2,	'2014-11-24 12:25:57'),
(184,	'@totalTransactions',	2,	'2014-11-24 12:30:31'),
(185,	'@senderAccountId',	1,	'2014-11-24 12:30:31'),
(186,	'@receiverAccountId',	2,	'2014-11-24 12:30:31'),
(187,	'@sufficientBalance',	1,	'2014-11-24 12:30:31'),
(188,	'@validTransactionsCounter',	1,	'2014-11-24 12:30:31'),
(189,	'@transactionValid',	186,	'2014-11-24 12:30:31'),
(190,	'@transactionValid',	187,	'2014-11-24 12:30:31'),
(191,	'@codesDisabled',	1,	'2014-11-24 12:30:31'),
(192,	'@validTransactionsCounter',	2,	'2014-11-24 12:30:31'),
(193,	'@senderAccountId',	1,	'2014-11-24 12:30:31'),
(194,	'@receiverAccountId',	14,	'2014-11-24 12:30:31'),
(195,	'@sufficientBalance',	1,	'2014-11-24 12:30:31'),
(196,	'@validTransactionsCounter',	3,	'2014-11-24 12:30:31'),
(197,	'@transactionValid',	188,	'2014-11-24 12:30:31'),
(198,	'@transactionValid',	189,	'2014-11-24 12:30:31'),
(199,	'@codesDisabled',	1,	'2014-11-24 12:30:31'),
(200,	'@validTransactionsCounter',	4,	'2014-11-24 12:30:31'),
(201,	'@totalTransactions',	2,	'2014-11-24 13:48:30'),
(202,	'@senderAccountId',	1,	'2014-11-24 13:48:30'),
(203,	'@receiverAccountId',	2,	'2014-11-24 13:48:30'),
(204,	'@sufficientBalance',	1,	'2014-11-24 13:48:30'),
(205,	'@validTransactionsCounter',	1,	'2014-11-24 13:48:30'),
(206,	'@transactionValid',	192,	'2014-11-24 13:48:30'),
(207,	'@transactionValid',	193,	'2014-11-24 13:48:30'),
(208,	'@codesDisabled',	1,	'2014-11-24 13:48:30'),
(209,	'@validTransactionsCounter',	2,	'2014-11-24 13:48:30'),
(210,	'@senderAccountId',	1,	'2014-11-24 13:48:30'),
(211,	'@receiverAccountId',	14,	'2014-11-24 13:48:30'),
(212,	'@sufficientBalance',	1,	'2014-11-24 13:48:30'),
(213,	'@validTransactionsCounter',	3,	'2014-11-24 13:48:30'),
(214,	'@transactionValid',	194,	'2014-11-24 13:48:30'),
(215,	'@transactionValid',	195,	'2014-11-24 13:48:30'),
(216,	'@codesDisabled',	1,	'2014-11-24 13:48:30'),
(217,	'@validTransactionsCounter',	4,	'2014-11-24 13:48:30'),
(218,	'@totalTransactions',	2,	'2014-11-24 13:51:18'),
(219,	'@senderAccountId',	1,	'2014-11-24 13:51:18'),
(220,	'@receiverAccountId',	2,	'2014-11-24 13:51:18'),
(221,	'@sufficientBalance',	1,	'2014-11-24 13:51:18'),
(222,	'@validTransactionsCounter',	1,	'2014-11-24 13:51:18'),
(223,	'@transactionValid',	196,	'2014-11-24 13:51:18'),
(224,	'@transactionValid',	197,	'2014-11-24 13:51:18'),
(225,	'@codesDisabled',	1,	'2014-11-24 13:51:18'),
(226,	'@validTransactionsCounter',	2,	'2014-11-24 13:51:18'),
(227,	'@senderAccountId',	1,	'2014-11-24 13:51:18'),
(228,	'@receiverAccountId',	14,	'2014-11-24 13:51:18'),
(229,	'@sufficientBalance',	1,	'2014-11-24 13:51:18'),
(230,	'@validTransactionsCounter',	3,	'2014-11-24 13:51:18'),
(231,	'@transactionValid',	198,	'2014-11-24 13:51:18'),
(232,	'@transactionValid',	199,	'2014-11-24 13:51:18'),
(233,	'@codesDisabled',	1,	'2014-11-24 13:51:18'),
(234,	'@validTransactionsCounter',	4,	'2014-11-24 13:51:18'),
(253,	'@totalTransactions',	2,	'2014-11-24 14:10:47'),
(254,	'@senderAccountId',	1,	'2014-11-24 14:10:47'),
(255,	'@receiverAccountId',	2,	'2014-11-24 14:10:47'),
(256,	'@sufficientBalance',	1,	'2014-11-24 14:10:47'),
(257,	'@validTransactionsCounter',	1,	'2014-11-24 14:10:47'),
(258,	'@transactionValid',	204,	'2014-11-24 14:10:47'),
(259,	'@transactionValid',	205,	'2014-11-24 14:10:47'),
(260,	'@codesDisabled',	1,	'2014-11-24 14:10:47'),
(261,	'@validTransactionsCounter',	2,	'2014-11-24 14:10:47'),
(262,	'@senderAccountId',	1,	'2014-11-24 14:10:47'),
(263,	'@receiverAccountId',	14,	'2014-11-24 14:10:47'),
(264,	'@sufficientBalance',	1,	'2014-11-24 14:10:47'),
(265,	'@validTransactionsCounter',	3,	'2014-11-24 14:10:47'),
(266,	'@transactionValid',	206,	'2014-11-24 14:10:47'),
(267,	'@transactionValid',	207,	'2014-11-24 14:10:47'),
(268,	'@codesDisabled',	1,	'2014-11-24 14:10:47'),
(269,	'@validTransactionsCounter',	4,	'2014-11-24 14:10:47'),
(270,	'@totalTransactions',	2,	'2014-11-24 14:11:50'),
(271,	'@senderAccountId',	1,	'2014-11-24 14:11:50'),
(272,	'@receiverAccountId',	2,	'2014-11-24 14:11:50'),
(273,	'@sufficientBalance',	1,	'2014-11-24 14:11:50'),
(274,	'@validTransactionsCounter',	1,	'2014-11-24 14:11:50'),
(275,	'@transactionValid',	208,	'2014-11-24 14:11:50'),
(276,	'@transactionValid',	209,	'2014-11-24 14:11:50'),
(277,	'@codesDisabled',	1,	'2014-11-24 14:11:50'),
(278,	'@validTransactionsCounter',	2,	'2014-11-24 14:11:50'),
(279,	'@senderAccountId',	1,	'2014-11-24 14:11:50'),
(280,	'@receiverAccountId',	14,	'2014-11-24 14:11:50'),
(281,	'@sufficientBalance',	1,	'2014-11-24 14:11:50'),
(282,	'@validTransactionsCounter',	3,	'2014-11-24 14:11:50'),
(283,	'@transactionValid',	210,	'2014-11-24 14:11:50'),
(284,	'@transactionValid',	211,	'2014-11-24 14:11:50'),
(285,	'@codesDisabled',	1,	'2014-11-24 14:11:50'),
(286,	'@validTransactionsCounter',	4,	'2014-11-24 14:11:50');

DROP TABLE IF EXISTS `transactions`;
CREATE TABLE `transactions` (
  `t_id` int(11) NOT NULL AUTO_INCREMENT,
  `t_account_from` int(11) NOT NULL,
  `t_amount` int(11) NOT NULL,
  `t_type` int(11) NOT NULL,
  `t_code` varchar(15) CHARACTER SET utf16 COLLATE utf16_unicode_ci NOT NULL,
  `t_description` varchar(250) NOT NULL,
  `t_timestamp` timestamp NOT NULL DEFAULT CURRENT_TIMESTAMP,
  `t_account_to` int(11) NOT NULL,
  `t_confirmed` tinyint(1) NOT NULL DEFAULT '1',
  PRIMARY KEY (`t_id`),
  KEY `t_account` (`t_account_from`),
  KEY `t_code` (`t_code`),
  KEY `transactions_ibfk_3` (`t_account_to`),
  CONSTRAINT `transactions_ibfk_3` FOREIGN KEY (`t_code`) REFERENCES `transaction_codes` (`tc_code`) ON DELETE CASCADE
) ENGINE=InnoDB AUTO_INCREMENT=278 DEFAULT CHARSET=latin1;

TRUNCATE `transactions`;
INSERT INTO `transactions` (`t_id`, `t_account_from`, `t_amount`, `t_type`, `t_code`, `t_description`, `t_timestamp`, `t_account_to`, `t_confirmed`) VALUES
(254,	1,	-1,	0,	'alice0000000005',	'1qwe',	'2014-11-25 11:49:51',	2,	1),
(255,	2,	1,	0,	'alice0000000005',	'1qwe',	'2014-11-25 11:49:51',	1,	1),
(256,	1,	-2,	0,	'alice0000000006',	'2',	'2014-11-25 11:53:19',	2,	1),
(257,	2,	2,	0,	'alice0000000006',	'2',	'2014-11-25 11:53:19',	1,	1),
(258,	1,	-4,	0,	'alice0000000007',	'4e',	'2014-11-25 11:56:13',	2,	1),
(259,	2,	4,	0,	'alice0000000007',	'4e',	'2014-11-25 11:56:13',	1,	1),
(260,	1,	-1,	0,	'alice0000000008',	'1self',	'2014-11-25 11:56:28',	1,	1),
(261,	1,	1,	0,	'alice0000000008',	'1self',	'2014-11-25 11:56:28',	1,	1),
(262,	33,	237,	0,	'admin0000000000',	'admin reset balance with 1232',	'2014-11-25 12:46:21',	1,	1),
(263,	1,	-1,	0,	'alice0000000001',	'1eeeeee',	'2014-11-25 12:54:38',	2,	1),
(264,	2,	1,	0,	'alice0000000001',	'1eeeeee',	'2014-11-25 12:54:38',	1,	1),
(267,	1,	-3,	0,	'alice0000000002',	'3e',	'2014-11-25 12:56:15',	2,	1),
(268,	2,	3,	0,	'alice0000000002',	'3e',	'2014-11-25 12:56:15',	1,	1),
(269,	1,	-2,	0,	'alice0000000003',	'2e',	'2014-11-25 12:56:53',	2,	1),
(270,	2,	2,	0,	'alice0000000003',	'2e',	'2014-11-25 12:56:53',	1,	1),
(271,	1,	33,	0,	'admin0000000000',	'admin reset balance with 20',	'2014-11-25 12:58:39',	33,	1),
(272,	1,	53,	0,	'admin0000000000',	'admin reset balance with 40',	'2014-11-25 13:02:45',	33,	1),
(273,	1,	27,	0,	'admin0000000000',	'admin reset balance with 14',	'2014-11-25 13:08:28',	33,	1),
(274,	1,	238,	0,	'admin0000000000',	'admin reset balance with 225',	'2014-11-25 13:15:27',	33,	1),
(275,	1,	233,	0,	'admin0000000000',	'admin reset balance with 220',	'2014-11-25 13:17:20',	33,	1),
(276,	1,	-351,	0,	'admin0000000000',	'admin reset balance with 220',	'2014-11-25 13:26:45',	33,	1),
(277,	1,	5,	0,	'admin0000000000',	'admin reset balance with 225',	'2014-11-25 13:28:47',	33,	1);

DROP TABLE IF EXISTS `transaction_codes`;
CREATE TABLE `transaction_codes` (
  `tc_code` varchar(15) CHARACTER SET utf16 COLLATE utf16_unicode_ci NOT NULL,
  `tc_account` int(11) NOT NULL,
  `tc_active` tinyint(1) NOT NULL DEFAULT '1',
  `tc_timestamp` timestamp NOT NULL DEFAULT CURRENT_TIMESTAMP,
  PRIMARY KEY (`tc_code`)
) ENGINE=InnoDB DEFAULT CHARSET=latin1;

TRUNCATE `transaction_codes`;
INSERT INTO `transaction_codes` (`tc_code`, `tc_account`, `tc_active`, `tc_timestamp`) VALUES
('/AKpQDtu4bTJ4QG',	15,	1,	'2014-11-24 18:10:34'),
('/ebbHAnn71HTEk7',	14,	1,	'2014-11-07 14:10:46'),
('/yrSO4b+BllnXE/',	14,	1,	'2014-11-07 14:10:46'),
('+0Zm9yhatNugG4G',	14,	1,	'2014-11-07 14:10:46'),
('+1xXCNurrDt/nPy',	16,	1,	'2014-11-24 18:12:09'),
('+cakDOBZxr5Kyvo',	15,	1,	'2014-11-24 18:10:34'),
('+CJLe78jwUXInZW',	16,	1,	'2014-11-24 18:12:08'),
('+HgRKgfrOfrvZUG',	14,	1,	'2014-11-07 14:10:46'),
('+Yqwu4V2PljgwjX',	16,	1,	'2014-11-24 18:12:09'),
('04IJglmDsGxX4Ny',	16,	1,	'2014-11-24 18:12:09'),
('0CRidk8AcIr7BXy',	1144,	1,	'2014-11-07 14:10:46'),
('0g9AuC//HulOk7G',	16,	1,	'2014-11-24 18:12:08'),
('0Osh5aiyb0bBMCm',	15,	1,	'2014-11-24 18:10:34'),
('0vvVAjsiSzOfpFp',	16,	1,	'2014-11-24 18:12:08'),
('0wZR98/ykCgtFXj',	14,	1,	'2014-11-07 14:10:46'),
('1+QaV3iOATsnhOp',	14,	1,	'2014-11-07 14:10:46'),
('1p8qjMn8GKj5kJd',	16,	1,	'2014-11-24 18:12:09'),
('273knFcvte0vrt9',	15,	1,	'2014-11-24 18:10:34'),
('2HGT12brffXzlhi',	16,	1,	'2014-11-24 18:12:08'),
('2On7074d6/ayovA',	14,	1,	'2014-11-07 14:10:46'),
('2t7KatWodNtQy5/',	16,	1,	'2014-11-24 18:12:08'),
('2UdtyGDdjqTrUMT',	15,	1,	'2014-11-24 18:10:34'),
('2zi8eq3CkMGxqeM',	1144,	1,	'2014-11-07 14:10:46'),
('359YjHJ+PYoqO4w',	14,	1,	'2014-11-07 14:10:46'),
('37bRxHRQCRQiY1W',	16,	1,	'2014-11-24 18:12:09'),
('3jJDNOeoh9pq5Os',	14,	1,	'2014-11-07 14:10:46'),
('3Th6BYQnqk8baPq',	16,	1,	'2014-11-24 18:12:08'),
('3WtNvwcMhkYV7D6',	16,	1,	'2014-11-24 18:12:08'),
('3yZTOEyK8w/hJfu',	15,	1,	'2014-11-24 18:10:34'),
('43Z9H7846y9kEj6',	14,	1,	'2014-11-07 14:10:46'),
('45U6hEDBEVei0HK',	16,	1,	'2014-11-24 18:12:08'),
('4anvusvH+cJI74L',	14,	1,	'2014-11-07 14:10:46'),
('4uKIfuCA3hkm852',	16,	1,	'2014-11-24 18:12:09'),
('4VzmSqVJSfPy8B6',	14,	1,	'2014-11-07 14:10:46'),
('4WO5JKrgx/VW2rt',	14,	1,	'2014-11-07 14:10:46'),
('4yUF8zngVOG0dhP',	16,	1,	'2014-11-24 18:12:08'),
('527HI7SxH8Vef92',	15,	1,	'2014-11-24 18:10:34'),
('5DaqgCs/98wbbIT',	16,	1,	'2014-11-24 18:12:08'),
('5FCg6isU+MyMWro',	16,	1,	'2014-11-24 18:12:09'),
('5GD4qrgPAU3PrP3',	16,	1,	'2014-11-24 18:12:08'),
('5hRaOEynL8ObbIF',	16,	1,	'2014-11-24 18:12:08'),
('5o6uC8Al1lm/gmh',	16,	1,	'2014-11-24 18:12:09'),
('5uDtEQGQtDMjAxy',	15,	1,	'2014-11-24 18:10:34'),
('5uyFuG4IXqcfP/M',	15,	1,	'2014-11-24 18:10:34'),
('6bXodtykdRBjMxt',	16,	1,	'2014-11-24 18:12:08'),
('6Dy5aE5QPOluW8P',	15,	1,	'2014-11-24 18:10:34'),
('6kLnkva0nYM1HwN',	14,	1,	'2014-11-07 14:10:46'),
('6LUtOkS7JjhM4E7',	15,	1,	'2014-11-24 18:10:34'),
('6maAczWfKnzn5zi',	15,	1,	'2014-11-24 18:10:34'),
('6TnzqAthQlGeUtl',	14,	1,	'2014-11-07 14:10:46'),
('76jiat5c4KVwfa5',	14,	1,	'2014-11-07 14:10:46'),
('7luHTLaZvZtVJ1R',	16,	1,	'2014-11-24 18:12:09'),
('7Tif/lB7ODfokU8',	14,	1,	'2014-11-07 14:10:46'),
('7W/Oj5cv/9MVfC+',	16,	1,	'2014-11-24 18:12:09'),
('7WN/TseKFIaNMor',	16,	1,	'2014-11-24 18:12:09'),
('80FGrqZhPsS+7m9',	14,	1,	'2014-11-07 14:10:46'),
('88nmUObRwh4Ow9g',	14,	1,	'2014-11-07 14:10:46'),
('8BdnAUNCRpyb6Nb',	14,	1,	'2014-11-07 14:10:46'),
('8ehdF2S0hHshbKh',	16,	1,	'2014-11-24 18:12:09'),
('9EN9gySoTtRySbO',	15,	1,	'2014-11-24 18:10:34'),
('9Huz+mUlj3xycvo',	15,	1,	'2014-11-24 18:10:34'),
('9jrXS1Ik2VnyfQT',	14,	1,	'2014-11-07 14:10:46'),
('9zmVOQ1376Krjic',	14,	1,	'2014-11-07 14:10:46'),
('aCqk03DR5mAkgJe',	14,	1,	'2014-11-07 14:10:46'),
('admin0000000000',	33,	1,	'2014-11-25 12:14:33'),
('Ai0qvR5ml4hWUsM',	14,	1,	'2014-11-07 14:10:46'),
('alice0000000001',	1,	0,	'0000-00-00 00:00:00'),
('alice0000000002',	1,	0,	'0000-00-00 00:00:00'),
('alice0000000003',	1,	0,	'2014-10-18 20:12:54'),
('alice0000000004',	1,	1,	'2014-10-18 20:13:02'),
('alice0000000005',	1,	0,	'2014-10-20 19:03:31'),
('alice0000000006',	1,	0,	'2014-10-20 19:03:43'),
('alice0000000007',	1,	0,	'2014-10-20 19:03:51'),
('alice0000000008',	123569,	0,	'2014-10-20 19:03:58'),
('Apc5J6RceCBcTxS',	15,	1,	'2014-11-24 18:10:34'),
('AV1aKoUPPLyNNAm',	14,	1,	'2014-11-07 14:10:46'),
('aZ6IH8uCokqQPg1',	15,	1,	'2014-11-24 18:10:34'),
('AZS2l7E0NtF5HV3',	15,	1,	'2014-11-24 18:10:34'),
('b+4Dn6QVpQ8DV0T',	16,	1,	'2014-11-24 18:12:09'),
('B4I3yr3FJ6tzR2d',	16,	1,	'2014-11-24 18:12:08'),
('B5kkw2sFv4SM0xV',	16,	1,	'2014-11-24 18:12:09'),
('BCdeAfbOBzYJrAS',	14,	1,	'2014-11-07 14:10:46'),
('bdvJH1fXbv5rzS9',	14,	1,	'2014-11-07 14:10:46'),
('bhW3sa7VQ+ID93g',	14,	1,	'2014-11-07 14:10:46'),
('BQl64ZNBr1Bxbrp',	16,	1,	'2014-11-24 18:12:08'),
('BQqdviZAWnedZpk',	15,	1,	'2014-11-24 18:10:34'),
('BR+aEgoOAugu5XT',	16,	1,	'2014-11-24 18:12:09'),
('BVP6Ajq0p6udmKE',	16,	1,	'2014-11-24 18:12:08'),
('BXfb8/TLzFOCNg2',	15,	1,	'2014-11-24 18:10:34'),
('C1SDvXTHqlBihLi',	15,	1,	'2014-11-24 18:10:34'),
('cbGSRzl9/ykbVnW',	14,	1,	'2014-11-07 14:10:46'),
('ceq/1ZufMXLViFG',	16,	1,	'2014-11-24 18:12:08'),
('Ci9ukD0e7HacELZ',	15,	1,	'2014-11-24 18:10:34'),
('cIw/kn3IfN0bVSy',	16,	1,	'2014-11-24 18:12:08'),
('cPoItvE3LVuYRc1',	16,	1,	'2014-11-24 18:12:08'),
('cPvt6sHnt3k5spG',	15,	1,	'2014-11-24 18:10:34'),
('cQXAd4mKJPlCSi5',	15,	1,	'2014-11-24 18:10:34'),
('cVchG/iSG7YpRI5',	16,	1,	'2014-11-24 18:12:08'),
('cWlw7TUe5wTa/n8',	16,	1,	'2014-11-24 18:12:08'),
('cXARb+ghYTQouSk',	16,	1,	'2014-11-24 18:12:08'),
('DRWFlT7diNQhXs9',	16,	1,	'2014-11-24 18:12:09'),
('DtWNdOhp/RjVjOq',	15,	1,	'2014-11-24 18:10:34'),
('DueIldD+ZQlvO2S',	14,	1,	'2014-11-07 14:10:46'),
('DuGJLzs1HMlxccb',	16,	1,	'2014-11-24 18:12:08'),
('DXG791btd7trbYh',	14,	1,	'2014-11-07 14:10:46'),
('e4ePF0ikfBb9KCC',	16,	1,	'2014-11-24 18:12:09'),
('E5149pyCPVj0gZd',	15,	1,	'2014-11-24 18:10:34'),
('e8yIuTFPqzX5vyt',	14,	1,	'2014-11-07 14:10:46'),
('EaLsW2UKpxhy8VF',	15,	1,	'2014-11-24 18:10:34'),
('eCRUNqunFfT/RnJ',	15,	1,	'2014-11-24 18:10:34'),
('eF6Et/L61kPAEXW',	15,	1,	'2014-11-24 18:10:34'),
('eJHcnTtBpEXo2Zc',	14,	1,	'2014-11-07 14:10:46'),
('EoY22eAurZYj1wD',	14,	1,	'2014-11-07 14:10:46'),
('eOYvLZOEsfklqeq',	15,	1,	'2014-11-24 18:10:34'),
('EP9vwu9TR69O7+W',	16,	1,	'2014-11-24 18:12:08'),
('ePFHZly9ERemvHh',	14,	1,	'2014-11-07 14:10:46'),
('EUduZFjr3aW1Tmx',	16,	1,	'2014-11-24 18:12:09'),
('EwhQhM5q6/ntepp',	14,	1,	'2014-11-07 14:10:46'),
('EzmKuKidZ59yaos',	14,	1,	'2014-11-07 14:10:46'),
('F/0f6HKKlJYrAGJ',	29,	1,	'2014-11-24 22:41:57'),
('F/4bsQ9+H+vHZxy',	26,	1,	'2014-11-24 21:58:51'),
('F/5eLZZBrAcYJ6z',	22,	1,	'2014-11-24 20:53:49'),
('F/b/J76A2Tx4kfj',	29,	1,	'2014-11-24 22:41:57'),
('F/fbri9J+XeV08V',	32,	1,	'2014-11-24 23:19:31'),
('F/IsbMu7U7bHrrm',	20,	1,	'2014-11-24 18:32:27'),
('F/ItuZHmhfTyGGk',	27,	1,	'2014-11-24 22:23:29'),
('F/L22XGyDEjCZto',	31,	1,	'2014-11-24 23:01:58'),
('F/lQVm5EeYbltZZ',	31,	1,	'2014-11-24 23:01:58'),
('F/Mg3xWXrbSxQ0x',	23,	1,	'2014-11-24 20:57:07'),
('F/mQReR3kCby7oX',	32,	1,	'2014-11-24 23:19:31'),
('F/mV3aEipOsEHWt',	24,	1,	'2014-11-24 20:58:30'),
('F/NOvKOAU/YE6eZ',	28,	1,	'2014-11-24 22:36:25'),
('F/pEYvCeX/OecFt',	24,	1,	'2014-11-24 20:58:30'),
('F/qEpQzJlswhOg5',	19,	1,	'2014-11-24 18:30:56'),
('F/SWJ/6sCGdlP1m',	24,	1,	'2014-11-24 20:58:30'),
('F/U0mxzFNHKo8Z2',	23,	1,	'2014-11-24 20:57:07'),
('F/UMUlrAw9gt6LP',	21,	1,	'2014-11-24 18:34:28'),
('F/uVfEr36cDiaZT',	29,	1,	'2014-11-24 22:41:58'),
('F/VBkUBA6qSYL5J',	19,	1,	'2014-11-24 18:30:56'),
('F/Xfmf/F4+G/YwP',	21,	1,	'2014-11-24 18:34:28'),
('F+3YlKBqGTpLSfB',	27,	1,	'2014-11-24 22:23:29'),
('F+63IyUIyJ/Mc9e',	26,	1,	'2014-11-24 21:58:51'),
('F+6oe7yFH9TuUen',	30,	1,	'2014-11-24 22:43:10'),
('F+7gnX12XSp02fG',	25,	1,	'2014-11-24 21:04:11'),
('F+9reqXwNaIZTz2',	22,	1,	'2014-11-24 20:53:49'),
('F+cHCxaJUzdIVRI',	29,	1,	'2014-11-24 22:41:57'),
('F+DG1jPUPWtcx6s',	30,	1,	'2014-11-24 22:43:10'),
('F+LcpVCZPyNYmML',	32,	1,	'2014-11-24 23:19:31'),
('F+ln1CSiN4pdFXb',	22,	1,	'2014-11-24 20:53:49'),
('F+Lwfw6tTUPUgJD',	28,	1,	'2014-11-24 22:36:25'),
('F+MWiJaMG/zmjrM',	32,	1,	'2014-11-24 23:19:31'),
('F+pkCP0yadr6fLP',	28,	1,	'2014-11-24 22:36:25'),
('F+tAksaPF1zGzdn',	29,	1,	'2014-11-24 22:41:58'),
('F+uxL5sqHU7/tJL',	28,	1,	'2014-11-24 22:36:25'),
('F+w5+SUcPd1oW2j',	20,	1,	'2014-11-24 18:32:27'),
('F+xfKi8GPZmjq50',	24,	1,	'2014-11-24 20:58:30'),
('F+Z0Nm9TmnLvD2Z',	26,	1,	'2014-11-24 21:58:51'),
('F+zyL0cXb5Fb058',	24,	1,	'2014-11-24 20:58:30'),
('F0+R1TcrhFzOIIj',	26,	1,	'2014-11-24 21:58:51'),
('F00Bmq9LnZPRcYE',	19,	1,	'2014-11-24 18:30:55'),
('F02k+lc32hBXRuC',	23,	1,	'2014-11-24 20:57:07'),
('F02O3aqPvUOD+EJ',	23,	1,	'2014-11-24 20:57:07'),
('F0461DCqDPIl48Y',	24,	1,	'2014-11-24 20:58:30'),
('F05jBc7glEAWD47',	28,	1,	'2014-11-24 22:36:25'),
('F0D6J6TL/GzlwKA',	32,	1,	'2014-11-24 23:19:31'),
('F0E5d20VxstUe9i',	29,	1,	'2014-11-24 22:41:57'),
('F0erpSQkBkspsJ+',	26,	1,	'2014-11-24 21:58:51'),
('F0gN/Sn1myeax5V',	21,	1,	'2014-11-24 18:34:28'),
('F0IkmIbWF0nJLy3',	21,	1,	'2014-11-24 18:34:28'),
('F0lDiwmjUC6em6W',	21,	1,	'2014-11-24 18:34:28'),
('F0lyAQ5BMQwI+zI',	26,	1,	'2014-11-24 21:58:51'),
('F0mNf1dkBh5fC+t',	27,	1,	'2014-11-24 22:23:29'),
('F0n8Wy/5FG+5fEa',	27,	1,	'2014-11-24 22:23:29'),
('F0or+OL0QDJLUdI',	30,	1,	'2014-11-24 22:43:09'),
('F0q8aysb+oZxgA3',	20,	1,	'2014-11-24 18:32:27'),
('F0RNyUWrA18y6qo',	19,	1,	'2014-11-24 18:30:55'),
('F0vK3tAecPjQyAg',	27,	1,	'2014-11-24 22:23:29'),
('F0WmeVsWf6oGT7H',	31,	1,	'2014-11-24 23:01:58'),
('F0x5AxzU5symKwD',	31,	1,	'2014-11-24 23:01:58'),
('F0xmTS+7gTM10x+',	32,	1,	'2014-11-24 23:19:31'),
('F1/DjukqfOxGkjW',	21,	1,	'2014-11-24 18:34:28'),
('F11mEX070gTHsyl',	26,	1,	'2014-11-24 21:58:51'),
('F15csF5WvfozAye',	23,	1,	'2014-11-24 20:57:07'),
('F15Kl6UuSX75R+N',	29,	1,	'2014-11-24 22:41:58'),
('F18cuX3oscLYVmT',	22,	1,	'2014-11-24 20:53:49'),
('F1Ajb2GePZoBdFX',	28,	1,	'2014-11-24 22:36:25'),
('F1ajPlUhkhRYKEq',	32,	1,	'2014-11-24 23:19:31'),
('F1aXNdcxEvWF6BX',	31,	1,	'2014-11-24 23:01:58'),
('F1b4OVDyXG2MJue',	23,	1,	'2014-11-24 20:57:07'),
('F1dSLMUUFjm+58o',	20,	1,	'2014-11-24 18:32:27'),
('F1EasmUysDZALpB',	31,	1,	'2014-11-24 23:01:58'),
('F1Fqd+etNYoDIHb',	20,	1,	'2014-11-24 18:32:27'),
('F1gyYxqSk+uwXYY',	29,	1,	'2014-11-24 22:41:58'),
('F1IExtbvFWXowoj',	25,	1,	'2014-11-24 21:04:11'),
('F1kt6lJAvoiO/jQ',	22,	1,	'2014-11-24 20:53:49'),
('F1kYiagcRt8txbW',	25,	1,	'2014-11-24 21:04:10'),
('F1LWzohc79WnG+0',	22,	1,	'2014-11-24 20:53:49'),
('F1NOCqdClKwMwz9',	24,	1,	'2014-11-24 20:58:30'),
('F1oJAQVU2Z0fFlJ',	31,	1,	'2014-11-24 23:01:58'),
('F1pARbYSGmruGZ6',	19,	1,	'2014-11-24 18:30:56'),
('F1RSs8pScWezJ+z',	20,	1,	'2014-11-24 18:32:27'),
('F1T4QGkuyVvDy9B',	21,	1,	'2014-11-24 18:34:28'),
('f1y6/9hLVEK8QLS',	15,	1,	'2014-11-24 18:10:34'),
('F1Y7crsRC2cgr9g',	31,	1,	'2014-11-24 23:01:58'),
('F1ywlIwRMBmExzQ',	25,	1,	'2014-11-24 21:04:10'),
('F235+JDYRhVUo9O',	25,	1,	'2014-11-24 21:04:11'),
('F29RKw4PilNwC83',	20,	1,	'2014-11-24 18:32:27'),
('F2AQTfd4jMYbxPJ',	23,	1,	'2014-11-24 20:57:07'),
('F2FZw4PHbUvMFqK',	26,	1,	'2014-11-24 21:58:51'),
('F2hqxCIRLrDpqbd',	30,	1,	'2014-11-24 22:43:10'),
('F2jYiUQ9TjW32bp',	24,	1,	'2014-11-24 20:58:30'),
('F2kHFtpynLpMvBr',	20,	1,	'2014-11-24 18:32:27'),
('F2N/MiNTYlIervd',	19,	1,	'2014-11-24 18:30:56'),
('F2qixbE9pSr27I1',	31,	1,	'2014-11-24 23:01:58'),
('F2Qpc14ehdGDB8B',	31,	1,	'2014-11-24 23:01:58'),
('F2RfUVJ+HwxYJ54',	32,	1,	'2014-11-24 23:19:31'),
('F2rJ69OPwI+JAbG',	30,	1,	'2014-11-24 22:43:10'),
('F2rjTzpkyaqfchP',	25,	1,	'2014-11-24 21:04:10'),
('F2sYRvkY0p91MCM',	26,	1,	'2014-11-24 21:58:51'),
('F2vj0ykObiYCzbW',	21,	1,	'2014-11-24 18:34:28'),
('F2VT6iAgHbgfyGL',	24,	1,	'2014-11-24 20:58:30'),
('F2y2AntxdNgMFeA',	29,	1,	'2014-11-24 22:41:58'),
('F2y9QbRY+073C7g',	32,	1,	'2014-11-24 23:19:31'),
('F2Ys7ZYkumzDxrK',	26,	1,	'2014-11-24 21:58:51'),
('F2zHa73d0CfCJ0f',	22,	1,	'2014-11-24 20:53:49'),
('F36aMGj9jR4t1LU',	20,	1,	'2014-11-24 18:32:27'),
('F36BEyyoU8kY2q8',	27,	1,	'2014-11-24 22:23:29'),
('F37x4ic0ZmifNlZ',	24,	1,	'2014-11-24 20:58:30'),
('F38tgVsGArdFUsn',	31,	1,	'2014-11-24 23:01:58'),
('F3ae+d+G5kRvlkU',	23,	1,	'2014-11-24 20:57:07'),
('F3BEq8tQQZlWF/5',	20,	1,	'2014-11-24 18:32:27'),
('F3cd0uEsiszOMdb',	27,	1,	'2014-11-24 22:23:29'),
('F3CmtbVmOd3mWOY',	23,	1,	'2014-11-24 20:57:07'),
('F3Ewcv8lUFPxbLy',	27,	1,	'2014-11-24 22:23:29'),
('F3Fm8UNIipGebgq',	32,	1,	'2014-11-24 23:19:31'),
('F3gFYz3rC7zO461',	24,	1,	'2014-11-24 20:58:30'),
('F3GJombrIu4cIEM',	22,	1,	'2014-11-24 20:53:49'),
('F3GMYoTW12LlWNb',	20,	1,	'2014-11-24 18:32:27'),
('F3Ib+7Kmzl3ixlv',	19,	1,	'2014-11-24 18:30:56'),
('F3iIRt/RIFdzTly',	31,	1,	'2014-11-24 23:01:58'),
('F3KRTJdY1F6GXyn',	29,	1,	'2014-11-24 22:41:58'),
('F3mAkHps4SqtekT',	19,	1,	'2014-11-24 18:30:56'),
('F3nTAbVSlB09n58',	23,	1,	'2014-11-24 20:57:07'),
('F3ORWnId1GqSMcG',	26,	1,	'2014-11-24 21:58:51'),
('F3vcthTCVs67Xs0',	19,	1,	'2014-11-24 18:30:56'),
('F3wQ19F1PYQt8LL',	21,	1,	'2014-11-24 18:34:28'),
('F3zkGnUqBe61l9w',	21,	1,	'2014-11-24 18:34:28'),
('F4/1SPVM8w0pqmd',	22,	1,	'2014-11-24 20:53:49'),
('F4/dhjDFvglWwIv',	26,	1,	'2014-11-24 21:58:51'),
('F4/HGskdG1dxwqn',	24,	1,	'2014-11-24 20:58:30'),
('F4+/DZ+rNC//8A2',	28,	1,	'2014-11-24 22:36:25'),
('F41aFrphF2t34eW',	19,	1,	'2014-11-24 18:30:55'),
('F42Y5rQkfb4ckwD',	23,	1,	'2014-11-24 20:57:07'),
('F43Z2QJmqCsqCLs',	24,	1,	'2014-11-24 20:58:30'),
('F44aGAT6DRA3vMe',	28,	1,	'2014-11-24 22:36:25'),
('F45uKqujBeEEvPe',	31,	1,	'2014-11-24 23:01:58'),
('F46o680Iy9/Iev6',	30,	1,	'2014-11-24 22:43:09'),
('F46Vxd7Ffm4LsEV',	30,	1,	'2014-11-24 22:43:10'),
('F49NdrkvrxjZHMQ',	29,	1,	'2014-11-24 22:41:58'),
('F4AeddE9tQbMn4T',	29,	1,	'2014-11-24 22:41:57'),
('F4CdXTDJQhe9uoy',	21,	1,	'2014-11-24 18:34:28'),
('F4ciRHiK5UTD65+',	25,	1,	'2014-11-24 21:04:11'),
('F4cQjxjDbR/S8JJ',	25,	1,	'2014-11-24 21:04:11'),
('F4gFVIS7msw8HAZ',	27,	1,	'2014-11-24 22:23:29'),
('F4HAhOBRqHrObCv',	27,	1,	'2014-11-24 22:23:29'),
('F4HMzj5lmL0Fvyt',	22,	1,	'2014-11-24 20:53:49'),
('F4LhdeYKENSvGbH',	29,	1,	'2014-11-24 22:41:57'),
('F4MD7HpMJeJSEe0',	30,	1,	'2014-11-24 22:43:10'),
('F4NRL/SDjBkM+/+',	32,	1,	'2014-11-24 23:19:31'),
('F4oJWkBAHd9grxA',	29,	1,	'2014-11-24 22:41:57'),
('F4rONutchxqmz2o',	26,	1,	'2014-11-24 21:58:51'),
('F4SEl6HiweOHb92',	23,	1,	'2014-11-24 20:57:07'),
('F4To0OHYSDQIfyg',	30,	1,	'2014-11-24 22:43:10'),
('F4uvM3bA2dBdRXF',	21,	1,	'2014-11-24 18:34:28'),
('F4YlYWrEbshtWbU',	28,	1,	'2014-11-24 22:36:25'),
('F4ysxoxkHbYzIX5',	19,	1,	'2014-11-24 18:30:55'),
('F5/iGUEGBtRZF8J',	25,	1,	'2014-11-24 21:04:10'),
('F508OAGypLq0xtm',	24,	1,	'2014-11-24 20:58:30'),
('F57xh1qOxs4P+Tb',	24,	1,	'2014-11-24 20:58:30'),
('F58KDppI6hj7BoY',	23,	1,	'2014-11-24 20:57:07'),
('F59yYmIijkpjuiO',	19,	1,	'2014-11-24 18:30:56'),
('F5a+PFeKU9c7/fl',	29,	1,	'2014-11-24 22:41:58'),
('F5aI7YFh2fU0OCp',	20,	1,	'2014-11-24 18:32:27'),
('F5BC35yyutmDblW',	27,	1,	'2014-11-24 22:23:29'),
('F5C/z/RLB607+mN',	28,	1,	'2014-11-24 22:36:25'),
('F5cRqVkMXXCmp+b',	32,	1,	'2014-11-24 23:19:31'),
('F5f/LBCb4hQzAaK',	19,	1,	'2014-11-24 18:30:55'),
('F5HQhIt1tib4bii',	26,	1,	'2014-11-24 21:58:51'),
('F5HwQkFsU4pLX/A',	21,	1,	'2014-11-24 18:34:28'),
('F5I0B/VkPwwEnfm',	23,	1,	'2014-11-24 20:57:07'),
('F5JwWCrbvWfKjA/',	30,	1,	'2014-11-24 22:43:10'),
('F5oQX6FKgGIZ4To',	26,	1,	'2014-11-24 21:58:51'),
('F5rO3yh75X2kLN5',	19,	1,	'2014-11-24 18:30:55'),
('F5RT7AyxPzXD4ZM',	30,	1,	'2014-11-24 22:43:10'),
('F5SL7vXM3tDntqj',	28,	1,	'2014-11-24 22:36:25'),
('F5V8X5oC+cwQ9qJ',	19,	1,	'2014-11-24 18:30:56'),
('F5yfQiUXFcC4yDz',	27,	1,	'2014-11-24 22:23:29'),
('F5YiX/tu9Hx5cTj',	24,	1,	'2014-11-24 20:58:30'),
('F5zDEsBzAMC7Hlq',	20,	1,	'2014-11-24 18:32:27'),
('F63toERRRUBvg9o',	32,	1,	'2014-11-24 23:19:31'),
('F644+P55YOff08q',	26,	1,	'2014-11-24 21:58:51'),
('F685cmDyJLzI5gl',	26,	1,	'2014-11-24 21:58:51'),
('F695+9mH0Ht7p/W',	27,	1,	'2014-11-24 22:23:29'),
('F69lYh4mukuyVVk',	23,	1,	'2014-11-24 20:57:07'),
('F6aO+XSzp9zozVC',	29,	1,	'2014-11-24 22:41:57'),
('F6ARyHfQ06A0qzl',	27,	1,	'2014-11-24 22:23:29'),
('F6CaQ5UGIooCuP+',	29,	1,	'2014-11-24 22:41:57'),
('F6DFpwyd7XOb1G1',	23,	1,	'2014-11-24 20:57:07'),
('F6F5r0lMN2Hi2x6',	31,	1,	'2014-11-24 23:01:58'),
('F6fJSrT0Qg6oUBC',	22,	1,	'2014-11-24 20:53:49'),
('F6gsF6V+FfnzLOv',	26,	1,	'2014-11-24 21:58:51'),
('F6h1MXWsza6uIfK',	25,	1,	'2014-11-24 21:04:11'),
('F6Hr3nGsj2uvYLN',	29,	1,	'2014-11-24 22:41:57'),
('F6iT4JgjOz7eIUi',	32,	1,	'2014-11-24 23:19:31'),
('F6LGx8XYHxiEJx3',	19,	1,	'2014-11-24 18:30:55'),
('F6LV1WC8252jyzB',	29,	1,	'2014-11-24 22:41:57'),
('F6q34ISzq7ugSuX',	30,	1,	'2014-11-24 22:43:09'),
('F6RweeYnORIWU8m',	29,	1,	'2014-11-24 22:41:58'),
('F6SBgcqHyXIhEf/',	32,	1,	'2014-11-24 23:19:31'),
('F6ThmlOTO8YaPlW',	20,	1,	'2014-11-24 18:32:27'),
('F6VsHj04LZfi0m9',	19,	1,	'2014-11-24 18:30:55'),
('F6w0gNUGQcxeRyu',	31,	1,	'2014-11-24 23:01:58'),
('F6yUDGkPodebeX9',	31,	1,	'2014-11-24 23:01:58'),
('F71Uh0UAtFnkjXj',	25,	1,	'2014-11-24 21:04:10'),
('F78cy2GWlEt2c7l',	28,	1,	'2014-11-24 22:36:25'),
('F7c/v06UX7k10fY',	23,	1,	'2014-11-24 20:57:07'),
('F7iDV1FuzB+ZVgc',	20,	1,	'2014-11-24 18:32:27'),
('F7mK/41yzm9q/Fl',	28,	1,	'2014-11-24 22:36:25'),
('F7MSUsUctQJ1IRa',	32,	1,	'2014-11-24 23:19:31'),
('F7pHZZCm4C8oaZ7',	24,	1,	'2014-11-24 20:58:30'),
('F7pWwVbMdIU1pGS',	19,	1,	'2014-11-24 18:30:55'),
('F7uWJev1WQ0nLGP',	23,	1,	'2014-11-24 20:57:07'),
('F7W0QpP2y+qCgAK',	19,	1,	'2014-11-24 18:30:56'),
('F7Xc85D+cEzqd2H',	23,	1,	'2014-11-24 20:57:07'),
('F7xjnhLKqHtgjpz',	22,	1,	'2014-11-24 20:53:49'),
('F8/I4zg9nVI8ATU',	22,	1,	'2014-11-24 20:53:49'),
('F82dLkk8gYd5xXS',	27,	1,	'2014-11-24 22:23:29'),
('F849eU+qTZaBRBr',	31,	1,	'2014-11-24 23:01:58'),
('F86aVPzoBy9EqTE',	30,	1,	'2014-11-24 22:43:10'),
('F87hye/tpjaYZ0r',	32,	1,	'2014-11-24 23:19:31'),
('F881LdoLRnGjizI',	32,	1,	'2014-11-24 23:19:31'),
('F89hWZi7UEFxHtu',	19,	1,	'2014-11-24 18:30:55'),
('F8aXpILUhpsv2j6',	25,	1,	'2014-11-24 21:04:11'),
('F8bLhMFxBXvm1Kg',	22,	1,	'2014-11-24 20:53:49'),
('F8EsvsQbFYZ08Aa',	25,	1,	'2014-11-24 21:04:11'),
('F8EWqkX0oSG6sEU',	21,	1,	'2014-11-24 18:34:28'),
('F8faumR5G/DLcg1',	22,	1,	'2014-11-24 20:53:49'),
('F8fvw6gaiIUqB3N',	23,	1,	'2014-11-24 20:57:07'),
('F8ghIa8gxhTAq+M',	22,	1,	'2014-11-24 20:53:49'),
('F8gIKaFCGMB7fDF',	19,	1,	'2014-11-24 18:30:55'),
('F8gr26z0RymYrKS',	29,	1,	'2014-11-24 22:41:58'),
('F8I3nHc5rvGnTuy',	21,	1,	'2014-11-24 18:34:28'),
('F8jeVCBkbaSdCLU',	30,	1,	'2014-11-24 22:43:10'),
('F8lpHrTdl1goK/w',	30,	1,	'2014-11-24 22:43:10'),
('F8McZZ8wd4YNwzW',	27,	1,	'2014-11-24 22:23:29'),
('F8N/cECfuUS5G4H',	23,	1,	'2014-11-24 20:57:07'),
('F8O1ia4Vb7FTXoP',	26,	1,	'2014-11-24 21:58:51'),
('F8R3Z6JdCtYGPKi',	26,	1,	'2014-11-24 21:58:51'),
('F8Y0hchEeZaTUvh',	24,	1,	'2014-11-24 20:58:30'),
('F90orwN9sZzQVQi',	26,	1,	'2014-11-24 21:58:51'),
('F9669P4oqo+1/5E',	26,	1,	'2014-11-24 21:58:51'),
('F96v/TCYrcsGxzl',	27,	1,	'2014-11-24 22:23:29'),
('F97U40hPe9vv7RO',	29,	1,	'2014-11-24 22:41:57'),
('F98pJmr+cFFwTY/',	30,	1,	'2014-11-24 22:43:10'),
('F99c1EyFomAhJH+',	25,	1,	'2014-11-24 21:04:10'),
('F9AYTOtcB02KGwY',	32,	1,	'2014-11-24 23:19:31'),
('F9bG11Ubyk6OFp2',	29,	1,	'2014-11-24 22:41:58'),
('F9bQGpXcLORI4Tq',	20,	1,	'2014-11-24 18:32:27'),
('F9Fe6fXnb5fAic7',	20,	1,	'2014-11-24 18:32:27'),
('F9GBcXp16FbmvP8',	23,	1,	'2014-11-24 20:57:07'),
('F9hwbaVEUHcKsIg',	28,	1,	'2014-11-24 22:36:25'),
('F9Hy6qJD9AfnZdy',	31,	1,	'2014-11-24 23:01:58'),
('F9J5sbCRQGiPpcP',	32,	1,	'2014-11-24 23:19:31'),
('F9J6QVi5YMtcThC',	29,	1,	'2014-11-24 22:41:57'),
('F9L0TrmaroR186t',	30,	1,	'2014-11-24 22:43:10'),
('F9L2XCZZmakUenq',	30,	1,	'2014-11-24 22:43:10'),
('F9m7sC7AaaLJ18W',	23,	1,	'2014-11-24 20:57:07'),
('F9NKrZswG/8yDtX',	32,	1,	'2014-11-24 23:19:31'),
('F9p72J2OFJg4bdJ',	23,	1,	'2014-11-24 20:57:07'),
('F9PNj02bSu5zxL4',	26,	1,	'2014-11-24 21:58:51'),
('F9qUHUZaehN/W+c',	31,	1,	'2014-11-24 23:01:58'),
('F9SqSF9SAYE/hhV',	26,	1,	'2014-11-24 21:58:51'),
('F9uBD1nf9lH0wMp',	24,	1,	'2014-11-24 20:58:30'),
('F9UXpkUTOlspBNT',	29,	1,	'2014-11-24 22:41:57'),
('F9zOBgkmfQbvcxD',	28,	1,	'2014-11-24 22:36:25'),
('Fa/D+FEHDmDcHHY',	21,	1,	'2014-11-24 18:34:28'),
('FA/PYQ6BV37mo3O',	21,	1,	'2014-11-24 18:34:28'),
('FA+5z3jrmts59EO',	30,	1,	'2014-11-24 22:43:10'),
('Fa2kIyfgfr4AzaN',	19,	1,	'2014-11-24 18:30:55'),
('Fa45qE4lE+p7tm6',	21,	1,	'2014-11-24 18:34:28'),
('FA48wy77ePo5LdG',	27,	1,	'2014-11-24 22:23:29'),
('Fa5w4mvh/d62pWR',	20,	1,	'2014-11-24 18:32:27'),
('Fa64Xn7gpfUdG2l',	31,	1,	'2014-11-24 23:01:58'),
('Fa7/cWN9qanhCcX',	19,	1,	'2014-11-24 18:30:55'),
('Fa7FEO+72qDIfUE',	19,	1,	'2014-11-24 18:30:55'),
('FA8KruOhWXRgW4h',	29,	1,	'2014-11-24 22:41:58'),
('FA9UPhW9wts/rU8',	19,	1,	'2014-11-24 18:30:55'),
('FA9W34YnG4p/y7p',	29,	1,	'2014-11-24 22:41:57'),
('FAAY11i8XRW7dtn',	24,	1,	'2014-11-24 20:58:30'),
('FAbohBXlQl4FHzi',	25,	1,	'2014-11-24 21:04:11'),
('FAcSHMtHBIA17HR',	27,	1,	'2014-11-24 22:23:29'),
('Fadt5n/vK2IGQAI',	27,	1,	'2014-11-24 22:23:29'),
('FAeRx7Wa7b6PoC4',	27,	1,	'2014-11-24 22:23:29'),
('FaEwvU3V4k4HF2y',	26,	1,	'2014-11-24 21:58:51'),
('FAFBf532L/8L/Fi',	29,	1,	'2014-11-24 22:41:57'),
('FAfFuqXaGO8mUVF',	28,	1,	'2014-11-24 22:36:25'),
('FafPtf+Cj67W13o',	30,	1,	'2014-11-24 22:43:10'),
('FaIAP6EuiebD8E0',	29,	1,	'2014-11-24 22:41:58'),
('FaiY8VAtjQ9US9M',	30,	1,	'2014-11-24 22:43:10'),
('FaJbA8wEsxxivmH',	31,	1,	'2014-11-24 23:01:58'),
('Fajoni11D44SQcU',	21,	1,	'2014-11-24 18:34:28'),
('FAjV8a2P08NqeLk',	25,	1,	'2014-11-24 21:04:11'),
('FAkSQftVRMhSpna',	22,	1,	'2014-11-24 20:53:49'),
('FaMudAtIUhs7tF3',	31,	1,	'2014-11-24 23:01:58'),
('FANCuI1jb8QvxZh',	32,	1,	'2014-11-24 23:19:31'),
('FAnJh7MOgDpi6nN',	19,	1,	'2014-11-24 18:30:56'),
('FAnnnZ+N7k8UjL4',	23,	1,	'2014-11-24 20:57:07'),
('FAnOt+5Mcvjempe',	29,	1,	'2014-11-24 22:41:58'),
('FaOlUnogabUrjKi',	28,	1,	'2014-11-24 22:36:25'),
('FAPpgLpzvHc4sSU',	27,	1,	'2014-11-24 22:23:29'),
('FAps7IczMECGKMQ',	28,	1,	'2014-11-24 22:36:25'),
('FaQAtt1XyOFXckd',	25,	1,	'2014-11-24 21:04:11'),
('FaqHcS2ldmiBKH3',	20,	1,	'2014-11-24 18:32:27'),
('FaT4HNtFu8vBMhc',	26,	1,	'2014-11-24 21:58:51'),
('FAtE7ZcPRneZL4z',	30,	1,	'2014-11-24 22:43:10'),
('FAuQDtRUj9j0G+x',	21,	1,	'2014-11-24 18:34:28'),
('FaVHd3HGVYgO4p7',	30,	1,	'2014-11-24 22:43:09'),
('FAwaAZROzvcCSr9',	27,	1,	'2014-11-24 22:23:29'),
('FaXNHG3ZbEpVbC+',	27,	1,	'2014-11-24 22:23:29'),
('FaYpD8LPdcINmoK',	23,	1,	'2014-11-24 20:57:07'),
('FB/8IRXjXIMiZjH',	30,	1,	'2014-11-24 22:43:09'),
('FB1tUkPRK59UIEO',	19,	1,	'2014-11-24 18:30:55'),
('Fb1usQU5KbXuHcg',	30,	1,	'2014-11-24 22:43:09'),
('Fb2lG1AwuN2kZuB',	27,	1,	'2014-11-24 22:23:29'),
('Fb5wRKGSKhkeARq',	26,	1,	'2014-11-24 21:58:51'),
('FB81YKQe1lnBnjQ',	32,	1,	'2014-11-24 23:19:31'),
('FB9a7+4Grimbqku',	24,	1,	'2014-11-24 20:58:30'),
('FB9MMLVdIyvqrJE',	24,	1,	'2014-11-24 20:58:30'),
('Fb9O7+GgiksvxCt',	19,	1,	'2014-11-24 18:30:56'),
('FbbIfsEuNZPzOp0',	20,	1,	'2014-11-24 18:32:27'),
('FbBUylFNjE3ZTG1',	25,	1,	'2014-11-24 21:04:10'),
('FbCD5f/fcKGEayn',	29,	1,	'2014-11-24 22:41:57'),
('FbDasqtHixWbvfP',	20,	1,	'2014-11-24 18:32:27'),
('FBdv+umABrOV93C',	26,	1,	'2014-11-24 21:58:51'),
('FbFgZLI95OlNZBv',	19,	1,	'2014-11-24 18:30:56'),
('FbFJmGFzUl2Q7fd',	20,	1,	'2014-11-24 18:32:27'),
('FBgF+hr3UQpKjGy',	20,	1,	'2014-11-24 18:32:27'),
('FbHFaCzYHLyWhqM',	24,	1,	'2014-11-24 20:58:30'),
('FBi+bPM7XOrUOAK',	26,	1,	'2014-11-24 21:58:51'),
('FbjcJExbF8U+W/G',	24,	1,	'2014-11-24 20:58:30'),
('FBjKknWrjjVlgR/',	31,	1,	'2014-11-24 23:01:58'),
('FBjXEd5MIWu4zEM',	27,	1,	'2014-11-24 22:23:29'),
('FBmzDjbhxef3CS7',	29,	1,	'2014-11-24 22:41:58'),
('FBnGJijyhP4P8jb',	23,	1,	'2014-11-24 20:57:07'),
('FBNYq1rQVL3RCe/',	20,	1,	'2014-11-24 18:32:27'),
('FBo4fthNNxgv/HV',	20,	1,	'2014-11-24 18:32:27'),
('FBoBFBdC4s+wWKO',	24,	1,	'2014-11-24 20:58:30'),
('FBP/FH4dJQ2RSy5',	26,	1,	'2014-11-24 21:58:51'),
('FbQkRBe2TqPfY1W',	24,	1,	'2014-11-24 20:58:30'),
('FBqKy3PmljcDYQ8',	31,	1,	'2014-11-24 23:01:58'),
('FbqOGEa4GuqtvY0',	26,	1,	'2014-11-24 21:58:51'),
('FBr0n7utx1FmylH',	25,	1,	'2014-11-24 21:04:11'),
('FBrGIir3Z+J/i7K',	24,	1,	'2014-11-24 20:58:30'),
('FBRIWi64yDuRg55',	28,	1,	'2014-11-24 22:36:25'),
('FbRSExCJYOV0zP9',	31,	1,	'2014-11-24 23:01:58'),
('FBRuk27hJPUhjom',	27,	1,	'2014-11-24 22:23:29'),
('FBSdu0LjbZ0x4bB',	32,	1,	'2014-11-24 23:19:31'),
('FBstODJX2tFSGZa',	30,	1,	'2014-11-24 22:43:10'),
('FBtXbZw7t2ZCLOm',	23,	1,	'2014-11-24 20:57:07'),
('FBVSvipRDUw7Hl+',	23,	1,	'2014-11-24 20:57:07'),
('FbVzKCqXLDbCPPv',	27,	1,	'2014-11-24 22:23:29'),
('FBW3lIqMQjeaIan',	21,	1,	'2014-11-24 18:34:28'),
('FBwaBCg6esom0wh',	27,	1,	'2014-11-24 22:23:29'),
('FBWC44nVi0lMQ+0',	25,	1,	'2014-11-24 21:04:10'),
('FbxFjycw21pKw2l',	21,	1,	'2014-11-24 18:34:28'),
('FbxN+xiMGb92rkG',	28,	1,	'2014-11-24 22:36:25'),
('FbYRUWYnYGvQVRV',	19,	1,	'2014-11-24 18:30:56'),
('FbZO9/YahTWnPKc',	28,	1,	'2014-11-24 22:36:25'),
('FC+uNDExMkMrD6h',	29,	1,	'2014-11-24 22:41:58'),
('Fc0FbASrnOXMj+q',	25,	1,	'2014-11-24 21:04:11'),
('FC4CC7KdL5xgL5h',	21,	1,	'2014-11-24 18:34:28'),
('FC5vVrLZOe8Z0/s',	19,	1,	'2014-11-24 18:30:55'),
('Fc617fX0A8Rjk0N',	25,	1,	'2014-11-24 21:04:11'),
('FC7L1N0S/zWaweU',	26,	1,	'2014-11-24 21:58:51'),
('Fc7lDW7f7+Sej+R',	28,	1,	'2014-11-24 22:36:25'),
('Fc8UEkj/QJUcO9l',	29,	1,	'2014-11-24 22:41:58'),
('Fc9ngyFujkd8Wrj',	23,	1,	'2014-11-24 20:57:07'),
('FcA2jvte0rZJ6rp',	28,	1,	'2014-11-24 22:36:25'),
('FCBJNnGy3ElwIAM',	31,	1,	'2014-11-24 23:01:58'),
('FCCyeSdfS9G2Dzl',	26,	1,	'2014-11-24 21:58:51'),
('FcDAcnFvN43/Ydy',	21,	1,	'2014-11-24 18:34:28'),
('FCDu5JZnumMIdII',	25,	1,	'2014-11-24 21:04:11'),
('FcEw0FXb0kV3Owa',	25,	1,	'2014-11-24 21:04:11'),
('FcFD4cffXVmzu9d',	31,	1,	'2014-11-24 23:01:58'),
('FCfKFqQmD63CWxO',	32,	1,	'2014-11-24 23:19:31'),
('FChvkgPPvKSeQR/',	25,	1,	'2014-11-24 21:04:11'),
('FCJn6iPxZaaE4EM',	19,	1,	'2014-11-24 18:30:55'),
('FCKub2MuAHPV8DG',	21,	1,	'2014-11-24 18:34:28'),
('FCkZj+DsIVfWL/j',	19,	1,	'2014-11-24 18:30:56'),
('FCMd8M4os3mJHTm',	20,	1,	'2014-11-24 18:32:27'),
('FCMGCrbnITwxmOp',	20,	1,	'2014-11-24 18:32:27'),
('FcmtNWDYIPlN7Uk',	23,	1,	'2014-11-24 20:57:07'),
('FCMxg4aB+Ouzf7b',	28,	1,	'2014-11-24 22:36:25'),
('FCP4QfG09y7Iuf+',	23,	1,	'2014-11-24 20:57:07'),
('FcPMEGREi0xF9S6',	27,	1,	'2014-11-24 22:23:29'),
('Fcq9L/z1jvr3DX2',	31,	1,	'2014-11-24 23:01:58'),
('FCQk2APPewASVD7',	29,	1,	'2014-11-24 22:41:58'),
('FCQRfZjOJ1mW/CT',	19,	1,	'2014-11-24 18:30:56'),
('FCQRpEkUtyQN+5R',	21,	1,	'2014-11-24 18:34:28'),
('FcRoIEH89/+H6SG',	24,	1,	'2014-11-24 20:58:30'),
('FcSSSYfgykFTH14',	30,	1,	'2014-11-24 22:43:09'),
('FcsZT+0sVGBmnyf',	24,	1,	'2014-11-24 20:58:30'),
('FcTeJyfOA3SZ29K',	22,	1,	'2014-11-24 20:53:49'),
('FcVVWY0PzJ70jMo',	22,	1,	'2014-11-24 20:53:49'),
('FCW+1L2J9iSdAC+',	30,	1,	'2014-11-24 22:43:10'),
('FcWnKIi9tV6zsQa',	19,	1,	'2014-11-24 18:30:56'),
('FcX0TNAVPtR12RN',	24,	1,	'2014-11-24 20:58:30'),
('FCYJi5trYNMEmUN',	31,	1,	'2014-11-24 23:01:58'),
('FD/mYfHqYUb4FJH',	23,	1,	'2014-11-24 20:57:07'),
('Fd0g1Dp2fvzSMSz',	28,	1,	'2014-11-24 22:36:25'),
('FD0Q4B5Pfn18h3t',	27,	1,	'2014-11-24 22:23:29'),
('Fd1OmqEHKyBtDyP',	30,	1,	'2014-11-24 22:43:09'),
('FD3Y1ItAprC2IMF',	29,	1,	'2014-11-24 22:41:57'),
('FD4Ja/iUO0VBjke',	29,	1,	'2014-11-24 22:41:58'),
('FD4wNs5gvb0yJZl',	23,	1,	'2014-11-24 20:57:07'),
('FD6GUCdZqfuOz/j',	20,	1,	'2014-11-24 18:32:27'),
('FDAR7vSx7If5NY1',	32,	1,	'2014-11-24 23:19:31'),
('FdAXogtLazuvvkw',	20,	1,	'2014-11-24 18:32:27'),
('FDCFvMHrKpI83/i',	19,	1,	'2014-11-24 18:30:56'),
('FdcgY+hdhdsL7ks',	28,	1,	'2014-11-24 22:36:25'),
('FDCjzpk1pYuikTq',	29,	1,	'2014-11-24 22:41:58'),
('FDcRbUC1s332KqW',	28,	1,	'2014-11-24 22:36:25'),
('FDDA0jjyI3p5Ot/',	30,	1,	'2014-11-24 22:43:10'),
('FddAE0BbYhQo05B',	31,	1,	'2014-11-24 23:01:58'),
('FDdoJ3vHpRp5b3e',	21,	1,	'2014-11-24 18:34:28'),
('FddWzJUdw9mSZfR',	20,	1,	'2014-11-24 18:32:27'),
('FDflIpqq8rFlya7',	21,	1,	'2014-11-24 18:34:28'),
('FdfpftGjH1eP7m/',	19,	1,	'2014-11-24 18:30:56'),
('FdFTcJa7CbqAN7u',	22,	1,	'2014-11-24 20:53:49'),
('FdHW5/DIJC+6jin',	24,	1,	'2014-11-24 20:58:30'),
('FdhWH+WeG7uFl6l',	25,	1,	'2014-11-24 21:04:10'),
('FDMtsoMw5QYiyWB',	24,	1,	'2014-11-24 20:58:30'),
('FdnhQ4K8fKn2Nez',	32,	1,	'2014-11-24 23:19:31'),
('FdnOGmdSiXuI7jO',	25,	1,	'2014-11-24 21:04:10'),
('FDOFwBrRkUAD7XA',	29,	1,	'2014-11-24 22:41:57'),
('FdOtUGhMiZuMMj9',	30,	1,	'2014-11-24 22:43:10'),
('FDr7aGlmBVKFpn7',	21,	1,	'2014-11-24 18:34:28'),
('FDSE6cReIP1z740',	32,	1,	'2014-11-24 23:19:31'),
('FdSL93E9peH8VK1',	23,	1,	'2014-11-24 20:57:07'),
('FdtwGZTW1c2xyKW',	29,	1,	'2014-11-24 22:41:58'),
('FDUgrlOjKpoZXyd',	24,	1,	'2014-11-24 20:58:30'),
('FdUndkiZWOreIl3',	29,	1,	'2014-11-24 22:41:57'),
('FDUWh8Ag5Mh8Kl0',	24,	1,	'2014-11-24 20:58:30'),
('FdWdStR0djQFUgF',	26,	1,	'2014-11-24 21:58:51'),
('FDYET8vQPFAgNGm',	24,	1,	'2014-11-24 20:58:30'),
('FdYXMpcJyXi/e+8',	25,	1,	'2014-11-24 21:04:11'),
('FDZeClghVL3OABr',	30,	1,	'2014-11-24 22:43:10'),
('FdZGV5lfRDSyXZD',	19,	1,	'2014-11-24 18:30:56'),
('FE051HozurTIcG3',	25,	1,	'2014-11-24 21:04:11'),
('FE0rvO3hdRNEOQz',	25,	1,	'2014-11-24 21:04:10'),
('Fe11oeZCkbaDKO+',	29,	1,	'2014-11-24 22:41:58'),
('FE4w1dJnV8sdOjR',	24,	1,	'2014-11-24 20:58:30'),
('FE6JUrG2ZDdiptE',	19,	1,	'2014-11-24 18:30:56'),
('FE6nV5oZRjGsnJD',	21,	1,	'2014-11-24 18:34:28'),
('Fe9oPk5xQeFPlf/',	20,	1,	'2014-11-24 18:32:27'),
('Fea8aRx3oSlXRbL',	29,	1,	'2014-11-24 22:41:58'),
('FEap4OMpNrvbcVc',	31,	1,	'2014-11-24 23:01:58'),
('FebNKXLZnCNxrRq',	22,	1,	'2014-11-24 20:53:49'),
('FeCh6YVAwGXBL10',	22,	1,	'2014-11-24 20:53:49'),
('FEclmlLMU5/YK9Y',	31,	1,	'2014-11-24 23:01:58'),
('FeeisGsZQix3Upo',	20,	1,	'2014-11-24 18:32:27'),
('FEfgobAyE0V/+MR',	32,	1,	'2014-11-24 23:19:31'),
('FefKW0ytE6L9hG9',	24,	1,	'2014-11-24 20:58:30'),
('FEFrmKGud7bWQX4',	19,	1,	'2014-11-24 18:30:55'),
('FeFxlzC5O1PRd2v',	28,	1,	'2014-11-24 22:36:25'),
('FEgjA5BiCgqsVcS',	30,	1,	'2014-11-24 22:43:10'),
('FegjfZum5AODcFC',	32,	1,	'2014-11-24 23:19:31'),
('FehbmHlr382nQJy',	24,	1,	'2014-11-24 20:58:30'),
('FEHGn9jYfWUyvIY',	22,	1,	'2014-11-24 20:53:49'),
('Fek70Cn9U7gqJIU',	19,	1,	'2014-11-24 18:30:56'),
('FEkhgYDW32zNezR',	23,	1,	'2014-11-24 20:57:07'),
('FEKVwNp8dblZqSx',	25,	1,	'2014-11-24 21:04:11'),
('FEkWbXumNVO07IS',	27,	1,	'2014-11-24 22:23:29'),
('FEL4bnOfiXNDg2G',	27,	1,	'2014-11-24 22:23:29'),
('FeNk5+D6n/vQWcL',	24,	1,	'2014-11-24 20:58:30'),
('FEO+Ia8apGiZKra',	30,	1,	'2014-11-24 22:43:09'),
('Feobwt5LScVfNjs',	30,	1,	'2014-11-24 22:43:10'),
('FeoElXL/NHxMMrp',	26,	1,	'2014-11-24 21:58:51'),
('Feonz5+DR3BQsHI',	24,	1,	'2014-11-24 20:58:30'),
('FEpslbmoIMp1VLw',	28,	1,	'2014-11-24 22:36:25'),
('FEQm7SaVu2cRWXc',	19,	1,	'2014-11-24 18:30:56'),
('FEsHpe/PbZJbHEK',	19,	1,	'2014-11-24 18:30:56'),
('FeuHskFEtRNgIjY',	20,	1,	'2014-11-24 18:32:27'),
('FeULevJA9tKwTcS',	21,	1,	'2014-11-24 18:34:28'),
('Feup39Cqpro5176',	26,	1,	'2014-11-24 21:58:51'),
('FewFBocJMorzIkr',	22,	1,	'2014-11-24 20:53:49'),
('FeWkvbNaTwBOo8+',	23,	1,	'2014-11-24 20:57:07'),
('Ff0OHoHGFn6ieuv',	27,	1,	'2014-11-24 22:23:29'),
('FF1DRgQ7dZm7U3Z',	23,	1,	'2014-11-24 20:57:07'),
('FF2RjD2k7xa7j5r',	22,	1,	'2014-11-24 20:53:49'),
('Ff4NKx2+InWLweA',	27,	1,	'2014-11-24 22:23:29'),
('Ff77RNKyLFM0lOP',	31,	1,	'2014-11-24 23:01:58'),
('Ff8uuOIY1Fd5sap',	22,	1,	'2014-11-24 20:53:49'),
('Ff9rs+uMSF8w5Cn',	23,	1,	'2014-11-24 20:57:07'),
('FfbuT5//5t7LWpJ',	32,	1,	'2014-11-24 23:19:31'),
('FFc7ZtwQw9FfjGF',	32,	1,	'2014-11-24 23:19:31'),
('FfdherF1oVt80u7',	21,	1,	'2014-11-24 18:34:28'),
('FfFXNvTbSwMfl8Q',	27,	1,	'2014-11-24 22:23:29'),
('FFG6xb8wqORZ6LX',	29,	1,	'2014-11-24 22:41:58'),
('Ffgm2d/HkQj29gG',	32,	1,	'2014-11-24 23:19:31'),
('Ffgpko7AdbcbTZW',	25,	1,	'2014-11-24 21:04:11'),
('FFh/plxLaNhJCCN',	26,	1,	'2014-11-24 21:58:51'),
('FfhYgkBrF6deGSI',	30,	1,	'2014-11-24 22:43:09'),
('FfIU32HAfEY0Kvc',	28,	1,	'2014-11-24 22:36:25'),
('Ffk/hzRGQ2GmXwY',	29,	1,	'2014-11-24 22:41:58'),
('FfM3qajsWRtENGD',	27,	1,	'2014-11-24 22:23:29'),
('FFmhjL5VESahh8p',	23,	1,	'2014-11-24 20:57:07'),
('FFmmp7fXNwqKYhy',	24,	1,	'2014-11-24 20:58:30'),
('FFmnGhl6lQ4BwX9',	27,	1,	'2014-11-24 22:23:29'),
('FFnBclUGtvTPy/S',	26,	1,	'2014-11-24 21:58:51'),
('Ffndr2AtoLpRiEG',	26,	1,	'2014-11-24 21:58:51'),
('FFNesImw64intif',	23,	1,	'2014-11-24 20:57:07'),
('FfPXvgNiTkWp2pE',	32,	1,	'2014-11-24 23:19:31'),
('FFqgE/cH/++5a3L',	31,	1,	'2014-11-24 23:01:58'),
('Ffr66QtYvWzn6RG',	20,	1,	'2014-11-24 18:32:27'),
('FFrCO00pB8M/NwE',	23,	1,	'2014-11-24 20:57:07'),
('FfrQpBVZ7nRyzqb',	30,	1,	'2014-11-24 22:43:10'),
('FfUHpAysgHIPvJJ',	31,	1,	'2014-11-24 23:01:58'),
('FfuQfiOOiMJ4lN0',	24,	1,	'2014-11-24 20:58:30'),
('FFuqwHXu6faahHa',	20,	1,	'2014-11-24 18:32:27'),
('FFW/aGPpRgAtr04',	25,	1,	'2014-11-24 21:04:11'),
('FFwlNo/Z/UNCkH/',	28,	1,	'2014-11-24 22:36:25'),
('FFWO4T8+UZ8NZzk',	25,	1,	'2014-11-24 21:04:11'),
('FfxPLtfb/9gcpIC',	31,	1,	'2014-11-24 23:01:58'),
('FfyLNcA8aD7NSAB',	22,	1,	'2014-11-24 20:53:49'),
('FfzlR+LCaYQ/RpT',	20,	1,	'2014-11-24 18:32:27'),
('FFzriAv3Pm9S2pO',	26,	1,	'2014-11-24 21:58:51'),
('FfZTReowTdNIozy',	30,	1,	'2014-11-24 22:43:09'),
('FG/tRU3SrW6M7zX',	19,	1,	'2014-11-24 18:30:55'),
('FG+wsK5TIcEnu5g',	20,	1,	'2014-11-24 18:32:27'),
('FG0z+77mqrUuZLh',	26,	1,	'2014-11-24 21:58:51'),
('Fg45iTEvDe3/Bs0',	32,	1,	'2014-11-24 23:19:31'),
('FG6aCseum5gybxu',	22,	1,	'2014-11-24 20:53:49'),
('FG6rYvvV2tjQht0',	25,	1,	'2014-11-24 21:04:11'),
('Fg77a0NEJBfJeY6',	21,	1,	'2014-11-24 18:34:28'),
('FgAks9iwIeRiqeG',	24,	1,	'2014-11-24 20:58:30'),
('FgAMX5gW93F8z0d',	31,	1,	'2014-11-24 23:01:58'),
('FgBCHYfs0+ZnEbx',	23,	1,	'2014-11-24 20:57:07'),
('FgBjtQAMyjyaRRy',	24,	1,	'2014-11-24 20:58:30'),
('FGBOPRdtgAiKXCz',	26,	1,	'2014-11-24 21:58:51'),
('FGBYeJFJrfipKpu',	25,	1,	'2014-11-24 21:04:11'),
('FGC+G4exmegM3/0',	27,	1,	'2014-11-24 22:23:29'),
('FgcdIiJsWjiD7yl',	27,	1,	'2014-11-24 22:23:29'),
('FGCLaEowMQOVcvv',	26,	1,	'2014-11-24 21:58:51'),
('FGDj1QwNy4sZ45o',	26,	1,	'2014-11-24 21:58:51'),
('fgfp5mSSmj7p//h',	14,	1,	'2014-11-07 14:10:46'),
('FgHhpLI+GQIj6CG',	20,	1,	'2014-11-24 18:32:27'),
('FgjfsuqAOarFZG9',	23,	1,	'2014-11-24 20:57:07'),
('FgjjPLaulDtSA2C',	21,	1,	'2014-11-24 18:34:28'),
('FgJKQsgovE0PoZR',	31,	1,	'2014-11-24 23:01:58'),
('FgkboUOfYHzzIP6',	20,	1,	'2014-11-24 18:32:27'),
('FgL/WU5U6QCs7um',	26,	1,	'2014-11-24 21:58:51'),
('FGLKQlRSKbAR/rN',	28,	1,	'2014-11-24 22:36:25'),
('FGlUuXHCTme8E1w',	31,	1,	'2014-11-24 23:01:58'),
('FGm8eZl6vjPIvkQ',	26,	1,	'2014-11-24 21:58:51'),
('FGMixKnSdvgdWtX',	29,	1,	'2014-11-24 22:41:57'),
('FgmvpGws2hTCre2',	22,	1,	'2014-11-24 20:53:49'),
('Fgn1NJQ9x0ReqSb',	29,	1,	'2014-11-24 22:41:57'),
('FgNXzGBQ1nppKNK',	28,	1,	'2014-11-24 22:36:25'),
('FgPyk7PT3L0Q5+P',	25,	1,	'2014-11-24 21:04:10'),
('FGql+uZhlUhWcmn',	19,	1,	'2014-11-24 18:30:56'),
('FGR5FrXIWFLwwqZ',	31,	1,	'2014-11-24 23:01:58'),
('FGr8VbKPjbMtPs8',	29,	1,	'2014-11-24 22:41:57'),
('Fgrp/v+uMCUvp2t',	20,	1,	'2014-11-24 18:32:27'),
('FgskGGpX5enfR2E',	22,	1,	'2014-11-24 20:53:49'),
('Fgt1etqvwkwh8D7',	28,	1,	'2014-11-24 22:36:25'),
('FGTP0JL1IoFezBy',	24,	1,	'2014-11-24 20:58:30'),
('FGTwNq8UQokQt3e',	20,	1,	'2014-11-24 18:32:27'),
('FgUEZU1xbn7TdS0',	22,	1,	'2014-11-24 20:53:49'),
('FGUM0Rlg9eWICcA',	30,	1,	'2014-11-24 22:43:10'),
('FGuZeiwzcPqfH1R',	20,	1,	'2014-11-24 18:32:27'),
('FgVd54MrX8PG3p4',	20,	1,	'2014-11-24 18:32:27'),
('FGViqc7iemin+XC',	28,	1,	'2014-11-24 22:36:25'),
('FGVSakG+w2aYaCZ',	24,	1,	'2014-11-24 20:58:30'),
('FgWF+7MyM/sVMT0',	27,	1,	'2014-11-24 22:23:29'),
('FgwSlHJHMMXAa/L',	20,	1,	'2014-11-24 18:32:27'),
('Fgz+8oJ2JaPyM5M',	20,	1,	'2014-11-24 18:32:27'),
('FH+KqFM9aYG2dgi',	21,	1,	'2014-11-24 18:34:28'),
('FH0UzGIlhNtAHev',	25,	1,	'2014-11-24 21:04:10'),
('Fh22jW3yenk4WZX',	21,	1,	'2014-11-24 18:34:28'),
('Fh3cHq5rrF3Gm0N',	22,	1,	'2014-11-24 20:53:49'),
('Fh3D6AjZW5w7oe2',	29,	1,	'2014-11-24 22:41:57'),
('Fh5wV3JbFjgyd+y',	32,	1,	'2014-11-24 23:19:31'),
('Fh7frjD5N13ERQv',	22,	1,	'2014-11-24 20:53:49'),
('Fh7Ua91pAmuOWYA',	32,	1,	'2014-11-24 23:19:31'),
('FH8GDgHRxqNIyoc',	22,	1,	'2014-11-24 20:53:49'),
('Fh96xOtyMULi050',	19,	1,	'2014-11-24 18:30:56'),
('FH9IFZ9xJ5QrthX',	22,	1,	'2014-11-24 20:53:49'),
('FHD58RxbSRpTp5G',	28,	1,	'2014-11-24 22:36:25'),
('FHEGWqYGlszRefn',	28,	1,	'2014-11-24 22:36:25'),
('FHeuXvy78IU4qN3',	30,	1,	'2014-11-24 22:43:10'),
('FhfNlFGakH+kWWB',	32,	1,	'2014-11-24 23:19:31'),
('FHgnTwhtXZr3H+O',	24,	1,	'2014-11-24 20:58:30'),
('FHhIoIv75ESUZw+',	22,	1,	'2014-11-24 20:53:49'),
('FHi4tox00EbciRg',	30,	1,	'2014-11-24 22:43:10'),
('FHIHRoEKDfiHCrK',	24,	1,	'2014-11-24 20:58:30'),
('FhkFoWOePRTD0He',	32,	1,	'2014-11-24 23:19:31'),
('FhlBDrXur/1VbAL',	30,	1,	'2014-11-24 22:43:10'),
('FhllRpFRvaNRYEL',	31,	1,	'2014-11-24 23:01:58'),
('FhLtpv1DmrE2Z2P',	32,	1,	'2014-11-24 23:19:31'),
('Fhm0CydefsJMyQP',	21,	1,	'2014-11-24 18:34:28'),
('FHM7zHa7YUTV4sJ',	22,	1,	'2014-11-24 20:53:49'),
('FhnLyPRjVOxQFX9',	30,	1,	'2014-11-24 22:43:10'),
('FhnMb1FtAs6EE3O',	31,	1,	'2014-11-24 23:01:58'),
('FHNwvEcNUshuan9',	32,	1,	'2014-11-24 23:19:31'),
('FHoLh8X4Gz8GI6j',	27,	1,	'2014-11-24 22:23:29'),
('FHOM/xprd6BlJE4',	29,	1,	'2014-11-24 22:41:58'),
('FhonnSntuFDKzXS',	26,	1,	'2014-11-24 21:58:51'),
('FHoX7pwjh/vj2Fs',	23,	1,	'2014-11-24 20:57:07'),
('FHpbo5YO2qHrF1/',	20,	1,	'2014-11-24 18:32:27'),
('FhpwR4L0ZVE/4Rh',	25,	1,	'2014-11-24 21:04:11'),
('FhrI2iVkC1QtFVU',	27,	1,	'2014-11-24 22:23:29'),
('FHsB2rjycoALYk1',	28,	1,	'2014-11-24 22:36:25'),
('Fhss/XE4ngGXCEm',	21,	1,	'2014-11-24 18:34:28'),
('FHUsJH2CFgJXDqU',	20,	1,	'2014-11-24 18:32:27'),
('FhVTFQn+64xX1WL',	28,	1,	'2014-11-24 22:36:25'),
('FhwAa6JmiHHN7Hz',	20,	1,	'2014-11-24 18:32:27'),
('FI+hcrFtI6YXNW+',	30,	1,	'2014-11-24 22:43:10'),
('Fi+jlwBerqgATlk',	22,	1,	'2014-11-24 20:53:49'),
('FI1u4J7dwMEFYFq',	25,	1,	'2014-11-24 21:04:10'),
('Fi3izAU3b0czN5h',	19,	1,	'2014-11-24 18:30:56'),
('FiaXaj+1jnKeTsA',	31,	1,	'2014-11-24 23:01:58'),
('FIBaQtXggdbiuvd',	25,	1,	'2014-11-24 21:04:11'),
('FIe+T+TGHULkZyk',	29,	1,	'2014-11-24 22:41:58'),
('FIEBSj4w587LJbO',	30,	1,	'2014-11-24 22:43:10'),
('FIEO8zdtPE7lRbJ',	26,	1,	'2014-11-24 21:58:51'),
('FIeP4Ua0t3edF1X',	28,	1,	'2014-11-24 22:36:25'),
('Fiey2+RjpRi3eNW',	20,	1,	'2014-11-24 18:32:27'),
('Fif+/+bMV+y26UI',	22,	1,	'2014-11-24 20:53:49'),
('FIf39oZEPjb0pO0',	29,	1,	'2014-11-24 22:41:57'),
('FiHmDOPOlkaDOzt',	27,	1,	'2014-11-24 22:23:29'),
('FIJZ2luOLuXCQWi',	20,	1,	'2014-11-24 18:32:27'),
('FIKPnnV3jZ5NVad',	22,	1,	'2014-11-24 20:53:49'),
('FIKRJWRhU11NZF/',	25,	1,	'2014-11-24 21:04:11'),
('FIlG3+9CylhFu1c',	23,	1,	'2014-11-24 20:57:07'),
('FImi2Ixp4ryt4Wy',	21,	1,	'2014-11-24 18:34:28'),
('FiN8C0i6B7PfNV9',	25,	1,	'2014-11-24 21:04:11'),
('FInXEd1GiXxI8q6',	23,	1,	'2014-11-24 20:57:07'),
('FIOBuVIQhR9bVaC',	28,	1,	'2014-11-24 22:36:25'),
('FiOckqS7/oyZDAo',	30,	1,	'2014-11-24 22:43:10'),
('FIoh1JJj+6GI+i9',	19,	1,	'2014-11-24 18:30:56'),
('FipAfkLYjwIrEHC',	27,	1,	'2014-11-24 22:23:29'),
('FiPPwREgsoYpw3b',	20,	1,	'2014-11-24 18:32:27'),
('FiqAY3b4hliBtF7',	24,	1,	'2014-11-24 20:58:30'),
('FIQP3C/3wW77LgF',	23,	1,	'2014-11-24 20:57:07'),
('FIQpE+OVuLYTGYn',	23,	1,	'2014-11-24 20:57:07'),
('FIrj2j5EngAP8Pf',	30,	1,	'2014-11-24 22:43:09'),
('FiRUbXUIpQMZqNu',	31,	1,	'2014-11-24 23:01:58'),
('FItQGEfCqv4oSUw',	25,	1,	'2014-11-24 21:04:11'),
('FiUSgO3YUyoowFN',	21,	1,	'2014-11-24 18:34:28'),
('FIUXPxnRsdRVfT5',	28,	1,	'2014-11-24 22:36:25'),
('FivF5SiG4SabC+M',	22,	1,	'2014-11-24 20:53:49'),
('FIw8Ui8VYdn4wMR',	19,	1,	'2014-11-24 18:30:55'),
('FiwHD0nOJghpYQw',	20,	1,	'2014-11-24 18:32:27'),
('FIWlODYJG5I4E0X',	24,	1,	'2014-11-24 20:58:30'),
('FixBQ6PCQwVvyXl',	24,	1,	'2014-11-24 20:58:30'),
('FiXlz13LBft5wsU',	25,	1,	'2014-11-24 21:04:11'),
('FixNVgJQfu07Uwq',	24,	1,	'2014-11-24 20:58:30'),
('FIxRfXErqkuU/Rv',	31,	1,	'2014-11-24 23:01:58'),
('FIzNhzdu382Q/lM',	27,	1,	'2014-11-24 22:23:29'),
('FizXNRFIgQOKgPZ',	31,	1,	'2014-11-24 23:01:58'),
('FJ/BsNktofKJJ6v',	28,	1,	'2014-11-24 22:36:25'),
('FJ/s+pdkspRkrUM',	30,	1,	'2014-11-24 22:43:10'),
('Fj+ongANQ2N+UVH',	19,	1,	'2014-11-24 18:30:56'),
('Fj1aXnThxsKKAB7',	23,	1,	'2014-11-24 20:57:07'),
('FJ1XCYotYPjnxEW',	29,	1,	'2014-11-24 22:41:58'),
('FJ43ocklzjZ/iAq',	27,	1,	'2014-11-24 22:23:29'),
('FJ4pVj+xohoAVsW',	19,	1,	'2014-11-24 18:30:55'),
('Fj7IxZgiLfoDdd5',	27,	1,	'2014-11-24 22:23:29'),
('Fj7ONJvSP4+Yh1X',	24,	1,	'2014-11-24 20:58:30'),
('FJae1qBCOeP7Pu3',	27,	1,	'2014-11-24 22:23:29'),
('FJaTw3Sy1eCRUrh',	22,	1,	'2014-11-24 20:53:49'),
('FJaY7gtdTh6iUqt',	24,	1,	'2014-11-24 20:58:30'),
('FJCISINx06FgrAY',	31,	1,	'2014-11-24 23:01:58'),
('FJD/e3N3dJ6CiT8',	25,	1,	'2014-11-24 21:04:10'),
('Fjd7kFE9JLGQ5cV',	26,	1,	'2014-11-24 21:58:51'),
('FJDmgsN25vyQEp1',	27,	1,	'2014-11-24 22:23:29'),
('FjDp6reTGv8uBqS',	25,	1,	'2014-11-24 21:04:11'),
('FjE4Ib4tDBMnkOO',	25,	1,	'2014-11-24 21:04:11'),
('FJE5GTy03DFfP30',	30,	1,	'2014-11-24 22:43:10'),
('FjExUYRbc0dcsKZ',	26,	1,	'2014-11-24 21:58:51'),
('FJfINiIC8e0k5SK',	21,	1,	'2014-11-24 18:34:28'),
('FJfUMRZ7mMJtx6c',	27,	1,	'2014-11-24 22:23:29'),
('FjFxbi7lBe67QsK',	28,	1,	'2014-11-24 22:36:25'),
('FjGPEBx3NQ81Dv3',	19,	1,	'2014-11-24 18:30:56'),
('Fjhd22PeOEE98Kw',	32,	1,	'2014-11-24 23:19:31'),
('FjIRUTYMxWqw7wI',	32,	1,	'2014-11-24 23:19:31'),
('FJj/nJik0wuV9ws',	30,	1,	'2014-11-24 22:43:10'),
('FjjiOVWG0pgsD9N',	24,	1,	'2014-11-24 20:58:30'),
('FJKWtyiqTzQSGjo',	20,	1,	'2014-11-24 18:32:27'),
('FjmNY/aInWTIAfh',	30,	1,	'2014-11-24 22:43:10'),
('FjMvIcbBCQkuT5y',	29,	1,	'2014-11-24 22:41:58'),
('FjnQJm9gR5agcgq',	32,	1,	'2014-11-24 23:19:31'),
('FJo+DvQXLqdcQgZ',	22,	1,	'2014-11-24 20:53:49'),
('FjP1qSpp0Po8jfH',	30,	1,	'2014-11-24 22:43:10'),
('FjPo0WuQeXLxdAY',	21,	1,	'2014-11-24 18:34:28'),
('FjPq0i7FnNp5Ssa',	24,	1,	'2014-11-24 20:58:30'),
('FJQ9xohaNv09FPg',	28,	1,	'2014-11-24 22:36:25'),
('FJQIb2pkFrbFnL/',	20,	1,	'2014-11-24 18:32:27'),
('FjQsuu4333/gJJZ',	31,	1,	'2014-11-24 23:01:58'),
('FJQxfo78a9KoBOA',	22,	1,	'2014-11-24 20:53:49'),
('FJrzhIWctks/ihm',	19,	1,	'2014-11-24 18:30:56'),
('FjuAPAtRLz9HLRD',	19,	1,	'2014-11-24 18:30:56'),
('FjvLBaRoFfK9e/W',	25,	1,	'2014-11-24 21:04:10'),
('FJWJINzYLHses1L',	32,	1,	'2014-11-24 23:19:31'),
('FjWxQWGapK4sgHL',	27,	1,	'2014-11-24 22:23:29'),
('Fjxu26BhN0SAKO7',	19,	1,	'2014-11-24 18:30:55'),
('FJY+cMreac0R/Oo',	26,	1,	'2014-11-24 21:58:51'),
('FjYnqnWN3u3Xr/Q',	27,	1,	'2014-11-24 22:23:29'),
('FjzGG4GhkAfhwso',	26,	1,	'2014-11-24 21:58:51'),
('Fk/rkt+76axaOeR',	29,	1,	'2014-11-24 22:41:58'),
('Fk+9reXFhaVOLP/',	31,	1,	'2014-11-24 23:01:58'),
('FK+aODYZm15R3zf',	28,	1,	'2014-11-24 22:36:25'),
('FK+qRzP5U+V+aO9',	24,	1,	'2014-11-24 20:58:30'),
('Fk1mC9QJaW+vZA7',	26,	1,	'2014-11-24 21:58:51'),
('FK1Y1YgxzHiDvT2',	32,	1,	'2014-11-24 23:19:31'),
('Fk3qM9u0Mjj7zjB',	21,	1,	'2014-11-24 18:34:28'),
('Fk7O83i+GHABaRD',	22,	1,	'2014-11-24 20:53:49'),
('Fk7WWcz3Lv3lId8',	21,	1,	'2014-11-24 18:34:28'),
('FK9OB634bAzudBl',	26,	1,	'2014-11-24 21:58:51'),
('FkA/RmgNtLp3G5o',	19,	1,	'2014-11-24 18:30:56'),
('FKC+Ddfv50zUoyg',	27,	1,	'2014-11-24 22:23:29'),
('FkddzEePTtzmvV+',	32,	1,	'2014-11-24 23:19:31'),
('FkDSeZ/AB7REnXr',	31,	1,	'2014-11-24 23:01:58'),
('FkDWKswD4GN7lJK',	22,	1,	'2014-11-24 20:53:49'),
('FKe+84aEk6sp0j/',	21,	1,	'2014-11-24 18:34:28'),
('FKEFEB3t76k3M+k',	28,	1,	'2014-11-24 22:36:25'),
('FKEr93RfoB11jvR',	30,	1,	'2014-11-24 22:43:10'),
('FKfE2oWBdgx4LjW',	32,	1,	'2014-11-24 23:19:31'),
('FkfYhRWvoG4MACz',	26,	1,	'2014-11-24 21:58:51'),
('FKGhFYAhoDzUbmr',	30,	1,	'2014-11-24 22:43:09'),
('FkgNh3CB09VygEC',	22,	1,	'2014-11-24 20:53:49'),
('FKgt2em/B3+o4tH',	21,	1,	'2014-11-24 18:34:28'),
('FkI0CXNtCFZjRYI',	30,	1,	'2014-11-24 22:43:10'),
('FkiAbrpjFNtdoNy',	19,	1,	'2014-11-24 18:30:56'),
('FkIIpyqI6L3e6Zr',	29,	1,	'2014-11-24 22:41:58'),
('FKJ2yPKYMqF9ig6',	23,	1,	'2014-11-24 20:57:07'),
('FkJe1AAFvi7PL1Y',	32,	1,	'2014-11-24 23:19:31'),
('FkjSAH2jm1jzMF0',	22,	1,	'2014-11-24 20:53:49'),
('FkK7xG8jJ42hTLi',	31,	1,	'2014-11-24 23:01:58'),
('FKkr9Dnr1N6LNTN',	22,	1,	'2014-11-24 20:53:49'),
('FkKT+yiirWavgZj',	28,	1,	'2014-11-24 22:36:25'),
('FKmaHRC/tZabWyJ',	29,	1,	'2014-11-24 22:41:57'),
('FkN9PZ1MqDe6BKI',	32,	1,	'2014-11-24 23:19:31'),
('FKndMRXgzVguvl9',	27,	1,	'2014-11-24 22:23:29'),
('FkNMfbkmLktM49F',	27,	1,	'2014-11-24 22:23:29'),
('FkoDaJkGG79pNiy',	30,	1,	'2014-11-24 22:43:10'),
('FKOLaGFEQA5Ksv9',	31,	1,	'2014-11-24 23:01:58'),
('FkOp1k+OFwes2t8',	31,	1,	'2014-11-24 23:01:58'),
('FKps+tA5qns/uy5',	22,	1,	'2014-11-24 20:53:49'),
('FkpsTbKHpPoUqj8',	29,	1,	'2014-11-24 22:41:58'),
('FKqR45YK8hUjkNG',	28,	1,	'2014-11-24 22:36:25'),
('FkS9GCCP2uc5ih7',	29,	1,	'2014-11-24 22:41:57'),
('FkSaOCLKsI6k70f',	30,	1,	'2014-11-24 22:43:10'),
('FKsJQJ8HMF2llkR',	22,	1,	'2014-11-24 20:53:49'),
('Fkt3SCym63aFVfv',	28,	1,	'2014-11-24 22:36:25'),
('FkT6J9Gj49UVp+G',	20,	1,	'2014-11-24 18:32:27'),
('FKvseOl6i3ovpTh',	32,	1,	'2014-11-24 23:19:31'),
('Fkw4SR6ivaiqYb0',	31,	1,	'2014-11-24 23:01:58'),
('FKWY7wKVzFKM3bs',	20,	1,	'2014-11-24 18:32:27'),
('FKx8hxFqU+pCZo1',	19,	1,	'2014-11-24 18:30:55'),
('FKy27cQJQ7YUoih',	23,	1,	'2014-11-24 20:57:07'),
('FkY8G6eXby/GwaI',	19,	1,	'2014-11-24 18:30:55'),
('FkYrxura1ge9YGM',	21,	1,	'2014-11-24 18:34:28'),
('Fkz4FnQjKgvBe+K',	31,	1,	'2014-11-24 23:01:58'),
('FL07C2kYOPkBT20',	22,	1,	'2014-11-24 20:53:49'),
('Fl0aa9O7YbFvIp8',	32,	1,	'2014-11-24 23:19:31'),
('FL1xWCDw/XUk8Es',	26,	1,	'2014-11-24 21:58:51'),
('FL6AhgWKta7LHes',	14,	1,	'2014-11-07 14:10:46'),
('Fl6Wfg+WyaeIMty',	21,	1,	'2014-11-24 18:34:28'),
('FlaVdY4hGYmBy6+',	28,	1,	'2014-11-24 22:36:25'),
('FlbnEEcxoOj1m36',	20,	1,	'2014-11-24 18:32:27'),
('Flbzs8+Vbl2EM0J',	30,	1,	'2014-11-24 22:43:10'),
('FLdcuSucPpOvwX/',	19,	1,	'2014-11-24 18:30:56'),
('FLEnoc9FG1FennZ',	25,	1,	'2014-11-24 21:04:11'),
('Flf7LMNUGOf7cRB',	21,	1,	'2014-11-24 18:34:28'),
('FLfEK1Vly5S3Dry',	30,	1,	'2014-11-24 22:43:09'),
('FLHf7VR7Da+A6s9',	28,	1,	'2014-11-24 22:36:25'),
('FLJ4ID6zJzXDzxf',	19,	1,	'2014-11-24 18:30:56'),
('FLj9XVdkFo7V42k',	26,	1,	'2014-11-24 21:58:51'),
('FLJIAuYOzhfDLmU',	24,	1,	'2014-11-24 20:58:30'),
('FLMGwruGQfohAAv',	24,	1,	'2014-11-24 20:58:30'),
('Fln29Zt1/9/sIwj',	28,	1,	'2014-11-24 22:36:25'),
('FLnJjXxYh+bTUM+',	19,	1,	'2014-11-24 18:30:55'),
('FLoc/v9y2beiCOd',	22,	1,	'2014-11-24 20:53:49'),
('FloNhg1Ydbz/USW',	29,	1,	'2014-11-24 22:41:58'),
('FlPIAksnfM4WC7B',	25,	1,	'2014-11-24 21:04:11'),
('FLPqOsbe78LJeiF',	28,	1,	'2014-11-24 22:36:25'),
('FLPSihiTsn3bLNp',	31,	1,	'2014-11-24 23:01:58'),
('FLrGMIt9UfPYvYD',	24,	1,	'2014-11-24 20:58:30'),
('FLTtN51/YolozcH',	20,	1,	'2014-11-24 18:32:27'),
('FltX8lppKWUiAon',	19,	1,	'2014-11-24 18:30:56'),
('FLVwci6J7EEpNLF',	24,	1,	'2014-11-24 20:58:30'),
('FLw5/uAr9pkmnH9',	32,	1,	'2014-11-24 23:19:31'),
('FLWNl7c7yu4oZ6Y',	22,	1,	'2014-11-24 20:53:49'),
('FLxs9uOhQKAdsa1',	21,	1,	'2014-11-24 18:34:28'),
('FlYiZ+2REafLg9V',	25,	1,	'2014-11-24 21:04:11'),
('FLykD7wDrHFsZRM',	22,	1,	'2014-11-24 20:53:49'),
('FlZ/Y0fXGRYCCT1',	24,	1,	'2014-11-24 20:58:30'),
('FLzDna3vDA3UBVZ',	25,	1,	'2014-11-24 21:04:11'),
('FLZr4wdGDBQHF9z',	28,	1,	'2014-11-24 22:36:25'),
('FLzZNC8AyuCua8/',	19,	1,	'2014-11-24 18:30:56'),
('Fm0JMbaqmKzibmW',	21,	1,	'2014-11-24 18:34:28'),
('Fm0renQHYzVfLI0',	31,	1,	'2014-11-24 23:01:58'),
('Fm2GliZdi1eIBJh',	22,	1,	'2014-11-24 20:53:49'),
('Fm38xvOSJGJnLtp',	28,	1,	'2014-11-24 22:36:25'),
('Fm3wueM3Njk5vrt',	24,	1,	'2014-11-24 20:58:30'),
('FM5D6QXAI+AsA4/',	25,	1,	'2014-11-24 21:04:11'),
('FM68KeK+13FFqPg',	23,	1,	'2014-11-24 20:57:07'),
('Fm7+kyiClE15bkR',	29,	1,	'2014-11-24 22:41:58'),
('FM7c21RwurVSgU0',	31,	1,	'2014-11-24 23:01:58'),
('Fm9/4gSurXYMCEI',	22,	1,	'2014-11-24 20:53:49'),
('Fm989r8MLrUjCXK',	23,	1,	'2014-11-24 20:57:07'),
('FMAK1AlBOp2VJz6',	31,	1,	'2014-11-24 23:01:58'),
('Fmbgcoy2ZgEAl8i',	28,	1,	'2014-11-24 22:36:25'),
('FMBGtynaC8Zn1Pj',	19,	1,	'2014-11-24 18:30:56'),
('FmbhVzTf1CRgR7/',	32,	1,	'2014-11-24 23:19:31'),
('FmCCPlxOhT0lKgZ',	31,	1,	'2014-11-24 23:01:58'),
('FmcKwltO20tZuMt',	30,	1,	'2014-11-24 22:43:09'),
('FmCQq1FLvIAu5P0',	24,	1,	'2014-11-24 20:58:30'),
('FmcS5H1rnj5Qkli',	21,	1,	'2014-11-24 18:34:28'),
('FMhG6e9As1ynbdn',	27,	1,	'2014-11-24 22:23:29'),
('FmJRaFd5XNIyo5d',	26,	1,	'2014-11-24 21:58:51'),
('FmjXwduwxC8sA2J',	21,	1,	'2014-11-24 18:34:28'),
('FMKd+yuATMV2mPK',	22,	1,	'2014-11-24 20:53:49'),
('FmKdgGkymsWmyl9',	24,	1,	'2014-11-24 20:58:30'),
('FMkhumB/2c2iGUK',	30,	1,	'2014-11-24 22:43:10'),
('FML1AYUIhvFRJaL',	26,	1,	'2014-11-24 21:58:51'),
('FMNhbjjtrA21Q4n',	19,	1,	'2014-11-24 18:30:55'),
('FMpW/UJAgCJb/0I',	25,	1,	'2014-11-24 21:04:11'),
('FmQ6AXKkDcUV999',	29,	1,	'2014-11-24 22:41:57'),
('FMqT6QWZ9uxtlss',	23,	1,	'2014-11-24 20:57:07'),
('FMrQp0mToz00II7',	19,	1,	'2014-11-24 18:30:56'),
('Fmu2VODMXvsc9AL',	32,	1,	'2014-11-24 23:19:31'),
('FmUmKJopK28N9tv',	20,	1,	'2014-11-24 18:32:27'),
('FMVQWzFn1jgtfR7',	25,	1,	'2014-11-24 21:04:11'),
('FMWMazu5HYbAqHR',	19,	1,	'2014-11-24 18:30:56'),
('FmY283poOHX3hbg',	30,	1,	'2014-11-24 22:43:10'),
('FMyB0fMfCy5YfM7',	27,	1,	'2014-11-24 22:23:29'),
('FmZP57WjvpLeFwS',	20,	1,	'2014-11-24 18:32:27'),
('FN/nBOx4/JmPjmr',	25,	1,	'2014-11-24 21:04:11'),
('FN+llFV6FTVbeoI',	23,	1,	'2014-11-24 20:57:07'),
('Fn040CrVydSB3nL',	22,	1,	'2014-11-24 20:53:49'),
('Fn0EC7nprTmBuYH',	28,	1,	'2014-11-24 22:36:25'),
('Fn0YKkFOVIPffwq',	25,	1,	'2014-11-24 21:04:10'),
('FN3Fo1JG/R6R6Bz',	26,	1,	'2014-11-24 21:58:51'),
('FN3WWQVtvsepqK0',	26,	1,	'2014-11-24 21:58:51'),
('FN4AIktjyi8v7di',	30,	1,	'2014-11-24 22:43:10'),
('FN5MwguZtpNVvj7',	32,	1,	'2014-11-24 23:19:31'),
('FN5nnJRi0k4URsx',	25,	1,	'2014-11-24 21:04:11'),
('FN6WljPjKBee4Rr',	25,	1,	'2014-11-24 21:04:11'),
('Fn8XZ/vrhzDGl0u',	20,	1,	'2014-11-24 18:32:27'),
('FnbxwtFlu/xPqMq',	30,	1,	'2014-11-24 22:43:10'),
('FnbxxEPrfan1F2j',	20,	1,	'2014-11-24 18:32:27'),
('FnCifL0sg04ihuc',	25,	1,	'2014-11-24 21:04:11'),
('FNcyXqpLiHSbeO4',	20,	1,	'2014-11-24 18:32:27'),
('FndDYg1KLBqJVCL',	22,	1,	'2014-11-24 20:53:49'),
('FnDTNeMaogvT8l5',	26,	1,	'2014-11-24 21:58:51'),
('Fne2eake3tbN7+L',	24,	1,	'2014-11-24 20:58:30'),
('FNfw0JuRqhxdlhM',	21,	1,	'2014-11-24 18:34:28'),
('FnfZ8B09F+/179X',	25,	1,	'2014-11-24 21:04:11'),
('FnGddTIVfZ1sD2u',	32,	1,	'2014-11-24 23:19:31'),
('FngYixQ5kLPEEP+',	27,	1,	'2014-11-24 22:23:29'),
('Fnh+EVde3NGWdgQ',	25,	1,	'2014-11-24 21:04:11'),
('FNHYlepYx2sGuaw',	23,	1,	'2014-11-24 20:57:07'),
('FnIKLD6uYvrFfyW',	22,	1,	'2014-11-24 20:53:49'),
('FNiSBzpm8cSY5Vf',	26,	1,	'2014-11-24 21:58:51'),
('FNJ3qm9rPVFDsLV',	19,	1,	'2014-11-24 18:30:56'),
('FnKh/gLuCharMVQ',	28,	1,	'2014-11-24 22:36:25'),
('FnlCwfE6r8l13+g',	28,	1,	'2014-11-24 22:36:25'),
('FnLtj5Jh2d31Uzn',	26,	1,	'2014-11-24 21:58:51'),
('FNluAQDzTH+XaWh',	23,	1,	'2014-11-24 20:57:07'),
('FNmqGxnsRfREDRG',	19,	1,	'2014-11-24 18:30:56'),
('FNO4AjxyU6drbmj',	30,	1,	'2014-11-24 22:43:10'),
('FNO9Sb42jyrfuK+',	27,	1,	'2014-11-24 22:23:29'),
('FnpQZNe2H6algdg',	24,	1,	'2014-11-24 20:58:30'),
('FnQ5hNu24/im4Bi',	19,	1,	'2014-11-24 18:30:56'),
('FnqqZyDsAsgcpWD',	32,	1,	'2014-11-24 23:19:31'),
('FnqRHcmAL2AAJui',	27,	1,	'2014-11-24 22:23:29'),
('FNRanvTHY9PYjW/',	22,	1,	'2014-11-24 20:53:49'),
('FNrijD7E/Vj+3Vl',	24,	1,	'2014-11-24 20:58:30'),
('FnRqZ6/pQT7lU0a',	30,	1,	'2014-11-24 22:43:10'),
('FNrW0fsKkHObkVM',	21,	1,	'2014-11-24 18:34:28'),
('FnS1SarpunY/LXo',	27,	1,	'2014-11-24 22:23:29'),
('FnT7c4mdal87xWo',	28,	1,	'2014-11-24 22:36:25'),
('FNtOUMj0Y12ziIk',	29,	1,	'2014-11-24 22:41:57'),
('FNTYina6xzJgQId',	20,	1,	'2014-11-24 18:32:27'),
('FNU/UArkxD+Fprv',	26,	1,	'2014-11-24 21:58:51'),
('FNucb44Uqq7JL0k',	30,	1,	'2014-11-24 22:43:10'),
('FnvddkayL2z1d+q',	27,	1,	'2014-11-24 22:23:29'),
('FNvG+83O8j/YXOT',	21,	1,	'2014-11-24 18:34:28'),
('FNYkDLGNnahSEsJ',	31,	1,	'2014-11-24 23:01:58'),
('FnypIYePt0ubomo',	32,	1,	'2014-11-24 23:19:31'),
('FO/4lmrkr1IegJ4',	24,	1,	'2014-11-24 20:58:30'),
('Fo/i2zazxYvVcyf',	25,	1,	'2014-11-24 21:04:10'),
('FO+KnY6cKyM513r',	28,	1,	'2014-11-24 22:36:25'),
('Fo+llTjO0buH3/s',	22,	1,	'2014-11-24 20:53:49'),
('FO2BeShPv4Cirk0',	30,	1,	'2014-11-24 22:43:09'),
('Fo3OZDfXuTVBv1R',	31,	1,	'2014-11-24 23:01:58'),
('Fo5+RF3ZSF4Gyau',	23,	1,	'2014-11-24 20:57:07'),
('Fo630AxUpshdXTx',	32,	1,	'2014-11-24 23:19:31'),
('FO7BSYguP58x46O',	23,	1,	'2014-11-24 20:57:07'),
('FO9jii7LP5AGaRy',	28,	1,	'2014-11-24 22:36:25'),
('FoaEFfPcEDW81Nr',	30,	1,	'2014-11-24 22:43:10'),
('FoBA0De0Dd6Yvve',	26,	1,	'2014-11-24 21:58:51'),
('FObeepZH7g1hZDs',	25,	1,	'2014-11-24 21:04:11'),
('FOBFqdlbtJgxRji',	25,	1,	'2014-11-24 21:04:11'),
('FOBkJtyxX4T4A2D',	31,	1,	'2014-11-24 23:01:58'),
('Foc5sMb8htkBjw7',	21,	1,	'2014-11-24 18:34:28'),
('FoCglvT6qAr/ybV',	25,	1,	'2014-11-24 21:04:11'),
('FOChnUjCbdrGj7e',	32,	1,	'2014-11-24 23:19:31'),
('FOd+DzZeVG8ozjc',	19,	1,	'2014-11-24 18:30:56'),
('FOFFw/bP0HEIi1p',	28,	1,	'2014-11-24 22:36:25'),
('FohsQF5aYWPW/Pi',	32,	1,	'2014-11-24 23:19:31'),
('FoJi4G+6QXf/pw5',	21,	1,	'2014-11-24 18:34:28'),
('FokjDDaccgJMFwi',	21,	1,	'2014-11-24 18:34:28'),
('FokRltmLomYKXLi',	24,	1,	'2014-11-24 20:58:30'),
('FoKvnEo7NzjQ0cH',	24,	1,	'2014-11-24 20:58:30'),
('FolnKce+gLUBUeW',	19,	1,	'2014-11-24 18:30:55'),
('FOLOzdx5Tzb/MQv',	31,	1,	'2014-11-24 23:01:58'),
('FOM9rlQwm2rCWAH',	30,	1,	'2014-11-24 22:43:10'),
('Foop6/ZaAvm8E7U',	25,	1,	'2014-11-24 21:04:11'),
('FOorJh5NTV5uiRz',	31,	1,	'2014-11-24 23:01:58'),
('FOoVSfqlD5qU93c',	28,	1,	'2014-11-24 22:36:25'),
('FOpIT345MMf+DXH',	26,	1,	'2014-11-24 21:58:51'),
('FoPsEUYcQdkLgUz',	26,	1,	'2014-11-24 21:58:51'),
('FOqDNervup6B6UV',	21,	1,	'2014-11-24 18:34:28'),
('FOqzbxP/jhUT5+C',	26,	1,	'2014-11-24 21:58:51'),
('FOR6ZL99BJtossx',	25,	1,	'2014-11-24 21:04:10'),
('ForRlEkUTbPnRzM',	31,	1,	'2014-11-24 23:01:58'),
('FOSZEFOiJF7tJEx',	32,	1,	'2014-11-24 23:19:31'),
('FoT0HFFQWGqGtGs',	21,	1,	'2014-11-24 18:34:28'),
('FotfA8kL6x5l5ia',	30,	1,	'2014-11-24 22:43:09'),
('FoTVz0eaKEf63Fk',	23,	1,	'2014-11-24 20:57:07'),
('FOu2hAyGriDUHV5',	31,	1,	'2014-11-24 23:01:58'),
('FOuec+zBgX2BG99',	19,	1,	'2014-11-24 18:30:55'),
('FOvt2PQYD+8gfND',	25,	1,	'2014-11-24 21:04:10'),
('FOw+Z2cuMUXLsOg',	28,	1,	'2014-11-24 22:36:25'),
('FoWuqMli1dWeiIs',	21,	1,	'2014-11-24 18:34:28'),
('FoxlkjiK7UVz9Xz',	19,	1,	'2014-11-24 18:30:56'),
('FoysdgHRuozMYgF',	28,	1,	'2014-11-24 22:36:25'),
('Foz71bt6ScXHBl3',	28,	1,	'2014-11-24 22:36:25'),
('FozttyoyXLF3qRx',	32,	1,	'2014-11-24 23:19:31'),
('Fp+pFRmwMdlb/uF',	26,	1,	'2014-11-24 21:58:51'),
('Fp0hMl3oU3eBcUX',	20,	1,	'2014-11-24 18:32:27'),
('Fp1pcAA7KYx2ij1',	29,	1,	'2014-11-24 22:41:58'),
('FP2frPEu06+z7nv',	25,	1,	'2014-11-24 21:04:10'),
('Fp3hJiqq4VzgLWd',	26,	1,	'2014-11-24 21:58:51'),
('FP4MG2q7B2WTai4',	21,	1,	'2014-11-24 18:34:28'),
('Fp53i2+6TeyT4KF',	28,	1,	'2014-11-24 22:36:25'),
('Fp8/MJqwWLGT6iG',	28,	1,	'2014-11-24 22:36:25'),
('FPaUH94oYeKKla5',	28,	1,	'2014-11-24 22:36:25'),
('FPbzvmRTbbiNNSq',	19,	1,	'2014-11-24 18:30:55'),
('FpCcvJRt4TL8uPh',	26,	1,	'2014-11-24 21:58:51'),
('FpCdt0BaqhBqovt',	26,	1,	'2014-11-24 21:58:51'),
('FpCfzFZPE5owB+8',	23,	1,	'2014-11-24 20:57:07'),
('FPEi0A3w61KjGfm',	23,	1,	'2014-11-24 20:57:07'),
('FPfIqy8zci0BRW8',	23,	1,	'2014-11-24 20:57:07'),
('FpfJhwzNXZcPuvR',	27,	1,	'2014-11-24 22:23:29'),
('FpFMTsRX1dGIHbY',	24,	1,	'2014-11-24 20:58:30'),
('FPGmM8aG5eEG5lV',	21,	1,	'2014-11-24 18:34:28'),
('FPh5fTSA/vae+Bm',	29,	1,	'2014-11-24 22:41:57'),
('FPhMaX7kSOQ7nY9',	24,	1,	'2014-11-24 20:58:30'),
('FPhQEvFcm+9oatM',	20,	1,	'2014-11-24 18:32:27'),
('Fpi0Zwil9C9k1Uj',	20,	1,	'2014-11-24 18:32:27'),
('FpIbE4eKWngqImE',	20,	1,	'2014-11-24 18:32:27'),
('FpIlZtPXyva3wnO',	30,	1,	'2014-11-24 22:43:10'),
('FPmn9BggDYEXs6I',	26,	1,	'2014-11-24 21:58:51'),
('FpmRdoLUjAZkLEx',	30,	1,	'2014-11-24 22:43:09'),
('FPNLQMLeGVt0udk',	27,	1,	'2014-11-24 22:23:29'),
('FPowtiyIoYWIDYK',	32,	1,	'2014-11-24 23:19:31'),
('FPPCjFxXihY7EQc',	24,	1,	'2014-11-24 20:58:30'),
('FPPOQn/fN6jXgsl',	20,	1,	'2014-11-24 18:32:27'),
('FPqJMtb62JzB266',	24,	1,	'2014-11-24 20:58:30'),
('FPRcZQ7G2tB54vA',	21,	1,	'2014-11-24 18:34:28'),
('FprZEFp/GF7z/sA',	29,	1,	'2014-11-24 22:41:57'),
('FPvGPenX2BHWyyk',	20,	1,	'2014-11-24 18:32:27'),
('FpVsNiyqmG0/lv0',	27,	1,	'2014-11-24 22:23:29'),
('FPVsUcE2hhDEXm+',	20,	1,	'2014-11-24 18:32:27'),
('FPXb5FVR/oM6ql9',	20,	1,	'2014-11-24 18:32:27'),
('FpxdEtydlQ7k20W',	23,	1,	'2014-11-24 20:57:07'),
('FpXG/3Lc8cyR7vF',	32,	1,	'2014-11-24 23:19:31'),
('FPyUpcnuHc9EOm+',	21,	1,	'2014-11-24 18:34:28'),
('FPzZWh0np11jt8g',	20,	1,	'2014-11-24 18:32:27'),
('FQ/7JLY+XAQ04W4',	32,	1,	'2014-11-24 23:19:31'),
('FQ0a9oQ64sXOz33',	20,	1,	'2014-11-24 18:32:27'),
('FQ2UDU3xGJukMT8',	23,	1,	'2014-11-24 20:57:07'),
('FQ3yseQcq9BYJrR',	25,	1,	'2014-11-24 21:04:10'),
('Fq5UoBskqSAy3P6',	22,	1,	'2014-11-24 20:53:49'),
('Fq84S4iXFLnD7Wl',	22,	1,	'2014-11-24 20:53:49'),
('Fq9CScXC2Fc6EDW',	27,	1,	'2014-11-24 22:23:29'),
('FqaH1SOEvJlireE',	28,	1,	'2014-11-24 22:36:25'),
('FQbfJp/MboFHXdE',	19,	1,	'2014-11-24 18:30:56'),
('FQBHaNgDTqIsYLx',	31,	1,	'2014-11-24 23:01:58'),
('FqC0/Pgr3/Xa7Yu',	22,	1,	'2014-11-24 20:53:49'),
('FQCVGcdiLrKtnuq',	29,	1,	'2014-11-24 22:41:58'),
('FQEIDRaaJwswzQA',	29,	1,	'2014-11-24 22:41:57'),
('FQgfH943ydP38il',	20,	1,	'2014-11-24 18:32:27'),
('FqGHnQEzsnrApyG',	29,	1,	'2014-11-24 22:41:58'),
('FQHQ4REkI887X34',	25,	1,	'2014-11-24 21:04:10'),
('FQHTE2P0UeyNuk6',	20,	1,	'2014-11-24 18:32:27'),
('FQHUsR4l8B3zv5r',	27,	1,	'2014-11-24 22:23:29'),
('Fqjb3e3dnUxCRCj',	25,	1,	'2014-11-24 21:04:11'),
('FQk8X7h7Nx4AEYK',	19,	1,	'2014-11-24 18:30:56'),
('FQKv5i39oQA3ZFr',	22,	1,	'2014-11-24 20:53:49'),
('FQkwubwk0NLzs2a',	20,	1,	'2014-11-24 18:32:27'),
('FqLyPevzBQAhzY8',	27,	1,	'2014-11-24 22:23:29'),
('FqMLjkiy5U1FiiD',	21,	1,	'2014-11-24 18:34:28'),
('FqoMCHHM5OTVgp7',	23,	1,	'2014-11-24 20:57:07'),
('Fqpqxw55UgdWBWY',	30,	1,	'2014-11-24 22:43:09'),
('FqRFv421ogySZEu',	22,	1,	'2014-11-24 20:53:49'),
('Fqsny35FxAkioUu',	21,	1,	'2014-11-24 18:34:28'),
('FQtEt+mPRwlMDwu',	31,	1,	'2014-11-24 23:01:58'),
('FQTFmzxRpnQsJtP',	25,	1,	'2014-11-24 21:04:10'),
('FQtPVEQ+VCc0/3m',	28,	1,	'2014-11-24 22:36:25'),
('FQtU6Ye7XwzLAI+',	24,	1,	'2014-11-24 20:58:30'),
('FquKImwIlbX0gmA',	23,	1,	'2014-11-24 20:57:07'),
('FqVSlDGnpCl/UQd',	27,	1,	'2014-11-24 22:23:29'),
('FQvTsBL/kmdIisF',	28,	1,	'2014-11-24 22:36:25'),
('FQXcl3VXZ4FSxIk',	21,	1,	'2014-11-24 18:34:28'),
('FQxKfK5HGUsyvE1',	27,	1,	'2014-11-24 22:23:29'),
('FQYhj7KzKbD4bPV',	29,	1,	'2014-11-24 22:41:58'),
('FqZJ8mD1MZ9Y1vt',	24,	1,	'2014-11-24 20:58:30'),
('FqZq8Y3DnovGuLI',	21,	1,	'2014-11-24 18:34:28'),
('FR/18gAK48/UyQU',	20,	1,	'2014-11-24 18:32:27'),
('FR/RmIR1tucm2su',	30,	1,	'2014-11-24 22:43:10'),
('Fr2592Z091/i/RG',	32,	1,	'2014-11-24 23:19:31'),
('FR2JmpxiZR+rfzq',	31,	1,	'2014-11-24 23:01:58'),
('Fr3wtpv1XD/v1Cq',	25,	1,	'2014-11-24 21:04:11'),
('FR4eqaFznl+kq6x',	26,	1,	'2014-11-24 21:58:51'),
('FR4psplESWYUDeU',	22,	1,	'2014-11-24 20:53:49'),
('FR7PKqgb15wHXcQ',	29,	1,	'2014-11-24 22:41:58'),
('FR93DOgPrt3/yIc',	20,	1,	'2014-11-24 18:32:27'),
('Fr9dM7+TSGbOMYH',	29,	1,	'2014-11-24 22:41:57'),
('FrbWIU3owMo/n5A',	25,	1,	'2014-11-24 21:04:11'),
('FRCh/uYETZzkG5h',	21,	1,	'2014-11-24 18:34:28'),
('FRD5kqRcicjmkhR',	31,	1,	'2014-11-24 23:01:58'),
('FrD9F3emWUwjq/o',	29,	1,	'2014-11-24 22:41:58'),
('FRESWFcXpdiqxQ8',	31,	1,	'2014-11-24 23:01:58'),
('FrF2RHSz+fzXziC',	31,	1,	'2014-11-24 23:01:58'),
('FrFa0Hr8SJtknGy',	30,	1,	'2014-11-24 22:43:10'),
('FRfI5vzBtddpZmr',	23,	1,	'2014-11-24 20:57:07'),
('Frfooe84LjuO9kI',	29,	1,	'2014-11-24 22:41:57'),
('FrFsN16yPbkSRhG',	23,	1,	'2014-11-24 20:57:07'),
('FRfTf2rEpI4yahv',	31,	1,	'2014-11-24 23:01:58'),
('FrgenW6vM5hprJd',	29,	1,	'2014-11-24 22:41:57'),
('FRiEPt3VY4oksBe',	20,	1,	'2014-11-24 18:32:27'),
('FrIH4akwHB/NlIt',	24,	1,	'2014-11-24 20:58:30'),
('FrioexQT5R7HqwP',	22,	1,	'2014-11-24 20:53:49'),
('FRj2HygOi8o/1BS',	24,	1,	'2014-11-24 20:58:30'),
('FRJk+QIcCX5UC/F',	22,	1,	'2014-11-24 20:53:49'),
('fRjNr1UNs9LK3jj',	14,	1,	'2014-11-07 14:10:46'),
('FrjTFHv/C7Oc1sA',	23,	1,	'2014-11-24 20:57:07'),
('FRK4tmiUhnZBJwr',	25,	1,	'2014-11-24 21:04:10'),
('Frkog4OZflIxRQH',	24,	1,	'2014-11-24 20:58:30'),
('Frl6ebuqX0SCDSO',	29,	1,	'2014-11-24 22:41:57'),
('FrMHDgiLp7KtRNx',	28,	1,	'2014-11-24 22:36:25'),
('FRmIZLQmgICq/PH',	27,	1,	'2014-11-24 22:23:29'),
('FrMrI8fZdsOOXxi',	21,	1,	'2014-11-24 18:34:28'),
('Frmwnh6l7rr2DwH',	20,	1,	'2014-11-24 18:32:27'),
('FrNEFugTEnL24ya',	22,	1,	'2014-11-24 20:53:49'),
('Frni+eYdlE+CpBg',	26,	1,	'2014-11-24 21:58:51'),
('FRnvoyPeAew5yUl',	31,	1,	'2014-11-24 23:01:58'),
('FrOFJrqYsiuKEs7',	32,	1,	'2014-11-24 23:19:31'),
('FroMT2A029kdFsi',	29,	1,	'2014-11-24 22:41:57'),
('FRPZ5cTQ4TJVGvM',	30,	1,	'2014-11-24 22:43:10'),
('FRqAgOMswCbFeWw',	23,	1,	'2014-11-24 20:57:07'),
('FrQh4kSyLjuCwLg',	22,	1,	'2014-11-24 20:53:49'),
('FrRHSKo98xLWy9m',	27,	1,	'2014-11-24 22:23:29'),
('FRs/S4r4RCkEIQA',	28,	1,	'2014-11-24 22:36:25'),
('FrtpE+WNoOfd0b3',	19,	1,	'2014-11-24 18:30:55'),
('FrU6P4lerWoi2x5',	28,	1,	'2014-11-24 22:36:25'),
('FruaoYOLGXaSW+A',	24,	1,	'2014-11-24 20:58:30'),
('FrUd+aYpWJ506g8',	26,	1,	'2014-11-24 21:58:51'),
('FrUESiZQkGojyP8',	31,	1,	'2014-11-24 23:01:58'),
('FRv1WTwbnEtiWnB',	25,	1,	'2014-11-24 21:04:10'),
('FRvRq7QXt0yltHe',	28,	1,	'2014-11-24 22:36:25'),
('FrWIlWSyIZkkOEk',	30,	1,	'2014-11-24 22:43:10'),
('FRWPk1fTDU2Y2p+',	27,	1,	'2014-11-24 22:23:29'),
('FrXQh+QYPn6wH4u',	22,	1,	'2014-11-24 20:53:49'),
('FrXxRZ8AhpU7zjT',	25,	1,	'2014-11-24 21:04:10'),
('FRy4vPPpGUD2D07',	19,	1,	'2014-11-24 18:30:56'),
('FRYca1cyzVD1oht',	28,	1,	'2014-11-24 22:36:25'),
('FRyOLEtaZFufEz9',	26,	1,	'2014-11-24 21:58:51'),
('FrYYiIFbOy1wFeD',	24,	1,	'2014-11-24 20:58:30'),
('FRZyobdDF5Bt4qZ',	20,	1,	'2014-11-24 18:32:27'),
('Fs+5sn8meWhduSh',	22,	1,	'2014-11-24 20:53:49'),
('FS31B6TneLfytxx',	25,	1,	'2014-11-24 21:04:11'),
('FS4qidYp/r9u1sl',	31,	1,	'2014-11-24 23:01:58'),
('Fs6IPg1onzMr4uX',	30,	1,	'2014-11-24 22:43:10'),
('FS9WMxlzbWmMuHe',	24,	1,	'2014-11-24 20:58:30'),
('Fsa+LTa+hI8mnfT',	28,	1,	'2014-11-24 22:36:25'),
('FsB/s6fBGUTsT/m',	29,	1,	'2014-11-24 22:41:57'),
('FSBRkMfd2KLxIuG',	19,	1,	'2014-11-24 18:30:56'),
('FSbsGLYga2yLxAi',	22,	1,	'2014-11-24 20:53:49'),
('FsdBszxwtDIESq1',	22,	1,	'2014-11-24 20:53:49'),
('FSeA96eOkmuu9eQ',	27,	1,	'2014-11-24 22:23:29'),
('FsfbTbBJq4wJ6NV',	23,	1,	'2014-11-24 20:57:07'),
('FsflCnDNsMCnvVH',	29,	1,	'2014-11-24 22:41:58'),
('FSFQ/ih6M4IBCAI',	28,	1,	'2014-11-24 22:36:25'),
('FSgPqjJ5dgkCBjz',	30,	1,	'2014-11-24 22:43:09'),
('FSgVpPZlclJapG1',	23,	1,	'2014-11-24 20:57:07'),
('FsHaq9wiLEi7KxA',	19,	1,	'2014-11-24 18:30:56'),
('FSi7wnmToYeIJrA',	23,	1,	'2014-11-24 20:57:07'),
('FSj7sVcHN3xYUc/',	29,	1,	'2014-11-24 22:41:57'),
('FsjUSiCUu4Kx9tF',	24,	1,	'2014-11-24 20:58:30'),
('FSJwBfwxyZXWdqW',	20,	1,	'2014-11-24 18:32:27'),
('FSkhep4v3zrSz40',	15,	1,	'2014-11-24 18:10:34'),
('FsKSmeFQTYcll5Y',	29,	1,	'2014-11-24 22:41:57'),
('FSmQfN7otr5VJvW',	30,	1,	'2014-11-24 22:43:09'),
('FsnrRBVuB41LrXv',	27,	1,	'2014-11-24 22:23:29'),
('FspKaTUs6vZ+mug',	32,	1,	'2014-11-24 23:19:31'),
('FsRmwztJncoRQaT',	31,	1,	'2014-11-24 23:01:58'),
('FSs2S0sDx3hqL+5',	28,	1,	'2014-11-24 22:36:25'),
('FSSiXY1jXFOf5Br',	22,	1,	'2014-11-24 20:53:49'),
('FSsz7v263Xk6syV',	29,	1,	'2014-11-24 22:41:58'),
('FsTyzXkV2wYvFUL',	19,	1,	'2014-11-24 18:30:55'),
('FSWeiR0b94VLe7F',	19,	1,	'2014-11-24 18:30:55'),
('FSWYM/RJuyAq9a2',	31,	1,	'2014-11-24 23:01:58'),
('Fsx5JUYXNC/jK+H',	20,	1,	'2014-11-24 18:32:27'),
('FSXcx2oraJ2C/4h',	32,	1,	'2014-11-24 23:19:31'),
('FSxqL0ee3jF3OqY',	25,	1,	'2014-11-24 21:04:11'),
('Ft/6eXIIW3ArHro',	21,	1,	'2014-11-24 18:34:28'),
('FT+dm9cEHd8x3qC',	31,	1,	'2014-11-24 23:01:58'),
('Ft+q0THQdT0yfOr',	22,	1,	'2014-11-24 20:53:49'),
('Ft07+BK+RzbQVgT',	20,	1,	'2014-11-24 18:32:27'),
('FT0QIpGTfOam15v',	29,	1,	'2014-11-24 22:41:57'),
('FT29t+8zuE2OzPf',	26,	1,	'2014-11-24 21:58:51'),
('Ft2xKyHwmeJe52I',	31,	1,	'2014-11-24 23:01:58'),
('Ft3l8ZEuLFgt9rj',	24,	1,	'2014-11-24 20:58:30'),
('FT3pXWMfrgDbNuN',	29,	1,	'2014-11-24 22:41:58'),
('FT3qO2MpmkjhMaE',	28,	1,	'2014-11-24 22:36:25'),
('Ft4eT5WcLA9dVky',	30,	1,	'2014-11-24 22:43:09'),
('FT8Nt8OHmJ5lhVz',	23,	1,	'2014-11-24 20:57:07'),
('FTAwVYblpU2lJH3',	27,	1,	'2014-11-24 22:23:29'),
('FTbwktntJNO0XTe',	31,	1,	'2014-11-24 23:01:58'),
('FtCrZI7PZNjhncR',	27,	1,	'2014-11-24 22:23:29'),
('FtCtl/+ATQSSDCu',	24,	1,	'2014-11-24 20:58:30'),
('FTDguiSKvKJgsCU',	22,	1,	'2014-11-24 20:53:49'),
('Ftdul+7Ig4JGB+U',	19,	1,	'2014-11-24 18:30:55'),
('FtF2QubJqYwD8BZ',	21,	1,	'2014-11-24 18:34:28'),
('FTfEWrW8Qgg4Vj5',	31,	1,	'2014-11-24 23:01:58'),
('FtFtBf7G7GO0pPk',	30,	1,	'2014-11-24 22:43:10'),
('Fti5xhUIWwLp7Xv',	27,	1,	'2014-11-24 22:23:29'),
('FTJ/uCjxNw2hxdI',	26,	1,	'2014-11-24 21:58:51'),
('FTJjRNZUi59+PQN',	21,	1,	'2014-11-24 18:34:28'),
('FTKbRBUwS+9jAWw',	28,	1,	'2014-11-24 22:36:25'),
('FTkWMziu/C/muWl',	32,	1,	'2014-11-24 23:19:31'),
('FtL7gbcjt6rl9Fm',	31,	1,	'2014-11-24 23:01:58'),
('FTLIvnJlah6OEoD',	26,	1,	'2014-11-24 21:58:51'),
('FtljyujoJvofyJ2',	30,	1,	'2014-11-24 22:43:10'),
('FTMJ+M8+bYKoP23',	29,	1,	'2014-11-24 22:41:57'),
('FTn5Gf+itpqNQiK',	28,	1,	'2014-11-24 22:36:25'),
('FtNI7KjUt7KFJVP',	28,	1,	'2014-11-24 22:36:25'),
('ftogH9NOdrbLB8O',	15,	1,	'2014-11-24 18:10:34'),
('FTpF/hDWmGunvic',	23,	1,	'2014-11-24 20:57:07'),
('FTPXa9mkeZO1Lpu',	30,	1,	'2014-11-24 22:43:09'),
('FTr3NI5RDplU7Yk',	29,	1,	'2014-11-24 22:41:58'),
('FTrkRyvDniAblts',	30,	1,	'2014-11-24 22:43:10'),
('FtRz61fBZRvSwxa',	30,	1,	'2014-11-24 22:43:10'),
('FtTPW8adswN1Tia',	22,	1,	'2014-11-24 20:53:49'),
('Ftuax6sagkVqpEj',	21,	1,	'2014-11-24 18:34:28'),
('FTUZL2gemp6YRDJ',	21,	1,	'2014-11-24 18:34:28'),
('Ftv2pcA6DpQeyN5',	31,	1,	'2014-11-24 23:01:58'),
('FTVyq9IOOlIC/4m',	20,	1,	'2014-11-24 18:32:27'),
('FTWbiR/17TzabB8',	30,	1,	'2014-11-24 22:43:10'),
('FtxAWCwK9p94fmA',	31,	1,	'2014-11-24 23:01:58'),
('FTzaMGRg2giZa7V',	19,	1,	'2014-11-24 18:30:56'),
('FtZGBFvVaWsLrF6',	23,	1,	'2014-11-24 20:57:07'),
('FU0Bd+VlnJSHLvG',	19,	1,	'2014-11-24 18:30:56'),
('Fu0wqR/tUeD7grS',	26,	1,	'2014-11-24 21:58:51'),
('Fu1+KkVT07GPohf',	26,	1,	'2014-11-24 21:58:51'),
('Fu3ZYG8LFz85cgY',	28,	1,	'2014-11-24 22:36:25'),
('FU45ZQThoejiLut',	29,	1,	'2014-11-24 22:41:57'),
('Fu4d+V8pwnT3JNu',	19,	1,	'2014-11-24 18:30:56'),
('Fu6f4rPlNq2H3pR',	25,	1,	'2014-11-24 21:04:11'),
('Fu6qb1Sf3lflBxZ',	24,	1,	'2014-11-24 20:58:30'),
('FU8ok3DQIIiMY+g',	32,	1,	'2014-11-24 23:19:31'),
('FuAs8MOM0BKopQ6',	23,	1,	'2014-11-24 20:57:07'),
('FUd9zwr00I+2Bd5',	25,	1,	'2014-11-24 21:04:11'),
('FUDO37j/ib1dy4i',	29,	1,	'2014-11-24 22:41:58'),
('FUeqpQtDYAt/DCC',	23,	1,	'2014-11-24 20:57:07'),
('FuEuTqx7QM3HMTy',	29,	1,	'2014-11-24 22:41:58'),
('FuF4INHAbc3w8bt',	21,	1,	'2014-11-24 18:34:28'),
('FUF5YKZUCf0Rnj0',	20,	1,	'2014-11-24 18:32:27'),
('FUFY3GCI7PCbbfj',	28,	1,	'2014-11-24 22:36:25'),
('FUG904J9TKbp0lm',	20,	1,	'2014-11-24 18:32:27'),
('FUgAKkp5Umr/1sL',	22,	1,	'2014-11-24 20:53:49'),
('FUGifBSxAWAhk6G',	22,	1,	'2014-11-24 20:53:49'),
('FuhHU8pKilE4mYS',	31,	1,	'2014-11-24 23:01:58'),
('Fuhk2U4qtYQq36w',	21,	1,	'2014-11-24 18:34:28'),
('FuICCCM9eJ1RE1m',	19,	1,	'2014-11-24 18:30:55'),
('FujKuHA6KaHk1XJ',	25,	1,	'2014-11-24 21:04:10'),
('FujSfjGqwh6mfG+',	23,	1,	'2014-11-24 20:57:07'),
('FuJVIGhhKOU9gJ0',	25,	1,	'2014-11-24 21:04:11'),
('FuLcjNcc+mdv3a+',	21,	1,	'2014-11-24 18:34:28'),
('FuPNCT58q9LBmbM',	30,	1,	'2014-11-24 22:43:09'),
('FuPNgOI3xVu9JtJ',	29,	1,	'2014-11-24 22:41:58'),
('FUqan882vHKN99C',	26,	1,	'2014-11-24 21:58:51'),
('FurjCjPXSj1uiuQ',	23,	1,	'2014-11-24 20:57:07'),
('FUsdv3t2qUtY3aG',	29,	1,	'2014-11-24 22:41:58'),
('FutpWMXXzFJKD92',	27,	1,	'2014-11-24 22:23:29'),
('FUTVJ1RMAOlZz6y',	20,	1,	'2014-11-24 18:32:27'),
('FUu4u36Ggsf8/r8',	23,	1,	'2014-11-24 20:57:07'),
('Fuuwm5j5W5M+lp5',	32,	1,	'2014-11-24 23:19:31'),
('FUWUhH52TKVzJX2',	26,	1,	'2014-11-24 21:58:51'),
('FUX0W1oiYUypVTP',	24,	1,	'2014-11-24 20:58:30'),
('FuXH2klAp7vYfOb',	23,	1,	'2014-11-24 20:57:07'),
('FuxjtkyRsGZnecU',	27,	1,	'2014-11-24 22:23:29'),
('FuYkr4lb6Vknd+U',	31,	1,	'2014-11-24 23:01:58'),
('FUZjvTwiJe0alcH',	22,	1,	'2014-11-24 20:53:49'),
('Fuzq4UsUZKD24b6',	23,	1,	'2014-11-24 20:57:07'),
('FV/kwfruRv7akI4',	28,	1,	'2014-11-24 22:36:25'),
('Fv08hUs/ayFfCga',	19,	1,	'2014-11-24 18:30:55'),
('Fv1/lK9N6Vy0j4D',	31,	1,	'2014-11-24 23:01:58'),
('FV1QUwV5MlFoSZG',	29,	1,	'2014-11-24 22:41:58'),
('FV21cTBhSnUXt7E',	22,	1,	'2014-11-24 20:53:49'),
('Fv2bEBTyt9lBeTk',	21,	1,	'2014-11-24 18:34:28'),
('Fv2vIFZ/07wi4JX',	23,	1,	'2014-11-24 20:57:07'),
('Fv63Cs5hz3r2pAz',	27,	1,	'2014-11-24 22:23:29'),
('FV6u9xroRDtyMr6',	19,	1,	'2014-11-24 18:30:56'),
('FV7Jpl7siPgRbzP',	21,	1,	'2014-11-24 18:34:28'),
('Fv8tbyif5szNFJ0',	21,	1,	'2014-11-24 18:34:28'),
('Fv922g7mGv2pbbs',	28,	1,	'2014-11-24 22:36:25'),
('FvAlrYDnqRZB38e',	29,	1,	'2014-11-24 22:41:58'),
('FvbQpzgmbNxG2p2',	24,	1,	'2014-11-24 20:58:30'),
('FvCtqqH561T5omj',	30,	1,	'2014-11-24 22:43:10'),
('FVdUcnAbt2edGPa',	26,	1,	'2014-11-24 21:58:51'),
('FVEcGpgjhoF/d2q',	25,	1,	'2014-11-24 21:04:10'),
('FveeH+ToIv5/0k3',	20,	1,	'2014-11-24 18:32:27'),
('FVg2yODX9teMLIL',	26,	1,	'2014-11-24 21:58:51'),
('FVhexP2qPfZPyUG',	26,	1,	'2014-11-24 21:58:51'),
('FVIxmt5MS5J4GTB',	31,	1,	'2014-11-24 23:01:58'),
('FvJez0nAAl0cWsJ',	21,	1,	'2014-11-24 18:34:28'),
('FvjfHKRaEZIz8zb',	26,	1,	'2014-11-24 21:58:51'),
('FVJLIBLXGTMF6A6',	21,	1,	'2014-11-24 18:34:28'),
('Fvk+9jnLa14CW1z',	32,	1,	'2014-11-24 23:19:31'),
('FvkO9N6edwKkHmw',	21,	1,	'2014-11-24 18:34:28'),
('FvkOvixmQjTl6VG',	32,	1,	'2014-11-24 23:19:31'),
('FVn8Nl++bEcrkoh',	22,	1,	'2014-11-24 20:53:49'),
('FvnEvqpP81Gbv+p',	20,	1,	'2014-11-24 18:32:27'),
('FVNq8PjQ7niw+fc',	22,	1,	'2014-11-24 20:53:49'),
('FvO1nETc6jfX28f',	21,	1,	'2014-11-24 18:34:28'),
('Fvo6qwOoQ3IfYjQ',	31,	1,	'2014-11-24 23:01:58'),
('FVRXtnkdVUG81Yg',	20,	1,	'2014-11-24 18:32:27'),
('FVt4qbScM9PfGxx',	19,	1,	'2014-11-24 18:30:56'),
('FVtEc0VexEY7Gfx',	25,	1,	'2014-11-24 21:04:11'),
('FvU4DZxfh1sFAll',	22,	1,	'2014-11-24 20:53:49'),
('FvUBfrQtOuB8Ifo',	28,	1,	'2014-11-24 22:36:25'),
('FvwiL2c4WRr2R+t',	32,	1,	'2014-11-24 23:19:31'),
('Fvzci6mLxgJ7y+o',	22,	1,	'2014-11-24 20:53:49'),
('Fw/UowN5AbE2Zzk',	26,	1,	'2014-11-24 21:58:51'),
('FW+4BLKr8eHrUs0',	21,	1,	'2014-11-24 18:34:28'),
('FW5lGAlByjt/CKA',	32,	1,	'2014-11-24 23:19:31'),
('FW5SKU+4teo7p3B',	21,	1,	'2014-11-24 18:34:28'),
('FW5yHj1QhFiIHG9',	29,	1,	'2014-11-24 22:41:57'),
('FW7ZyLgxfmMr0dU',	27,	1,	'2014-11-24 22:23:29'),
('Fw8m7dN8G3pPpYj',	20,	1,	'2014-11-24 18:32:27'),
('FwA8xHL+OYtUwOk',	23,	1,	'2014-11-24 20:57:07'),
('FWAHQUMnBtwDIeB',	23,	1,	'2014-11-24 20:57:07'),
('Fwbr7lyKo1PZTXS',	21,	1,	'2014-11-24 18:34:28'),
('FwbXIDPsdR8b+aL',	21,	1,	'2014-11-24 18:34:28'),
('FWEYxNgox8ktYPL',	32,	1,	'2014-11-24 23:19:31'),
('FwFHkptBU6LMkjL',	25,	1,	'2014-11-24 21:04:11'),
('FwFQUqG7yL3NPjW',	27,	1,	'2014-11-24 22:23:29'),
('FwiBnF+z1Q+CGz5',	24,	1,	'2014-11-24 20:58:30'),
('Fwk9+LcJZeUEnU2',	32,	1,	'2014-11-24 23:19:31'),
('FWKL330X4t2w0+9',	24,	1,	'2014-11-24 20:58:30'),
('FWKPL5saS/Qw7mw',	32,	1,	'2014-11-24 23:19:31'),
('FwLY8KeT4LMQ9Po',	22,	1,	'2014-11-24 20:53:49'),
('FWmK4hwi/cNwtqQ',	23,	1,	'2014-11-24 20:57:07'),
('FWmP4AI+rLNlbxI',	23,	1,	'2014-11-24 20:57:07'),
('FwnDvliQr6Pz6Bb',	22,	1,	'2014-11-24 20:53:49'),
('FWNZnYF235EAlir',	23,	1,	'2014-11-24 20:57:07'),
('FWq2HArjjttbnlr',	26,	1,	'2014-11-24 21:58:51'),
('FwqH7X67G3HBvWw',	30,	1,	'2014-11-24 22:43:10'),
('FwQyzeqQFuzqtXo',	24,	1,	'2014-11-24 20:58:30'),
('FWRqutVXypmlZHo',	27,	1,	'2014-11-24 22:23:29'),
('FWS7i6Jd84oa6Br',	30,	1,	'2014-11-24 22:43:10'),
('FWsMtyYP/IQsPN4',	25,	1,	'2014-11-24 21:04:10'),
('FWTwPX/8j2tceKl',	32,	1,	'2014-11-24 23:19:31'),
('FwU2Obsd2E3xSKu',	19,	1,	'2014-11-24 18:30:56'),
('FWUSXv2DZrTssiv',	24,	1,	'2014-11-24 20:58:30'),
('FwY4nc6mRv/49wN',	32,	1,	'2014-11-24 23:19:31'),
('FwYFmXQhAmZfhXC',	26,	1,	'2014-11-24 21:58:51'),
('Fwyj7GUnjwGaxTv',	32,	1,	'2014-11-24 23:19:31'),
('FX1geFjZwifyPDY',	23,	1,	'2014-11-24 20:57:07'),
('FX1z0DoP0nmYSA2',	30,	1,	'2014-11-24 22:43:09'),
('Fx27E+65XPKe39C',	28,	1,	'2014-11-24 22:36:25'),
('FX2i7sdavK9TQ1J',	26,	1,	'2014-11-24 21:58:51'),
('FX3c9/W1lbAfrUe',	27,	1,	'2014-11-24 22:23:29'),
('Fx3uxgJKaAJCrHr',	19,	1,	'2014-11-24 18:30:56'),
('FX4Y9/aA9W1AC0y',	20,	1,	'2014-11-24 18:32:27'),
('Fx6lP0W0RPL4xv3',	32,	1,	'2014-11-24 23:19:31'),
('Fxb7XyAWZeroiN1',	19,	1,	'2014-11-24 18:30:55'),
('FxBYzjdH2fEikcT',	25,	1,	'2014-11-24 21:04:11'),
('FXcNZNEnvI93SSq',	30,	1,	'2014-11-24 22:43:10'),
('FXdQj6U2ubeYqfk',	29,	1,	'2014-11-24 22:41:57'),
('FxepduhP5zsrZa2',	28,	1,	'2014-11-24 22:36:25'),
('FXf8n10U6QtxpTG',	27,	1,	'2014-11-24 22:23:29'),
('FxhizjgoBZ4IwGo',	22,	1,	'2014-11-24 20:53:49'),
('FxIL5QCZPC4dQR6',	23,	1,	'2014-11-24 20:57:07'),
('FXJE03uMYcLkcxD',	31,	1,	'2014-11-24 23:01:58'),
('Fxje1QGrz9rQa1t',	26,	1,	'2014-11-24 21:58:51'),
('FxJldicBQwgMZrR',	27,	1,	'2014-11-24 22:23:29'),
('FxJLxDbbrOXlt+s',	30,	1,	'2014-11-24 22:43:09'),
('FXMEah1AxSKZ/Ym',	23,	1,	'2014-11-24 20:57:07'),
('FxNKTl6lJpeMnXB',	27,	1,	'2014-11-24 22:23:29'),
('FxNOBFxRt5de6Es',	28,	1,	'2014-11-24 22:36:25'),
('FxpqqW07uruoFE8',	21,	1,	'2014-11-24 18:34:28'),
('FXPRvWwTbeREGk1',	31,	1,	'2014-11-24 23:01:58'),
('FXQ7wvfEg8TtnV4',	32,	1,	'2014-11-24 23:19:31'),
('FXQcSUV6sIBJaCs',	30,	1,	'2014-11-24 22:43:10'),
('FxQhbejVL3AZOWe',	32,	1,	'2014-11-24 23:19:31'),
('FXQvGfK3eL3chhz',	25,	1,	'2014-11-24 21:04:10'),
('FxrISuVLld8kxRt',	27,	1,	'2014-11-24 22:23:29'),
('FxrQhT9SxtCBv/9',	32,	1,	'2014-11-24 23:19:31'),
('Fxs2SVteVQo5EGa',	29,	1,	'2014-11-24 22:41:58'),
('FxSksD6dfrJuJ3O',	31,	1,	'2014-11-24 23:01:58'),
('FXt7che4GgY1bv5',	21,	1,	'2014-11-24 18:34:28'),
('FXTj4ZSfsx4eov3',	27,	1,	'2014-11-24 22:23:29'),
('FXUNAsk26i28Xj2',	30,	1,	'2014-11-24 22:43:09'),
('FXupAFcB5m+cIQJ',	23,	1,	'2014-11-24 20:57:07'),
('FXUUi6T6FXn5yCs',	27,	1,	'2014-11-24 22:23:29'),
('FxUvAxr3MdK8XwK',	24,	1,	'2014-11-24 20:58:30'),
('FxwB9aq2bOSglUN',	20,	1,	'2014-11-24 18:32:27'),
('FXZ/jZs1XTX02rq',	32,	1,	'2014-11-24 23:19:31'),
('FXz1XUKqYrFMqta',	23,	1,	'2014-11-24 20:57:07'),
('Fy/JyqTr6HUqByb',	24,	1,	'2014-11-24 20:58:30'),
('FY+9INiB2/pt5fC',	32,	1,	'2014-11-24 23:19:31'),
('Fy014wk6Ii8NJ+k',	32,	1,	'2014-11-24 23:19:31'),
('FY0VTbkgDoCZCxd',	25,	1,	'2014-11-24 21:04:11'),
('FY0xKviYavaWiOg',	28,	1,	'2014-11-24 22:36:25'),
('FY2DJr9Faktek6z',	32,	1,	'2014-11-24 23:19:31'),
('FY4TvR00V4ZKjBl',	22,	1,	'2014-11-24 20:53:49'),
('Fy7rNlLx9ZgjjrY',	21,	1,	'2014-11-24 18:34:28'),
('Fya7zbhcBMTEzAa',	24,	1,	'2014-11-24 20:58:30'),
('FYAI7xgIKHDLjR/',	22,	1,	'2014-11-24 20:53:49'),
('FYBHvDWIGizknWV',	27,	1,	'2014-11-24 22:23:29'),
('Fyc8GDTiYObutie',	24,	1,	'2014-11-24 20:58:30'),
('FYcRToyMGB9KN5P',	21,	1,	'2014-11-24 18:34:28'),
('FYdBOfkBXtvUQ+b',	29,	1,	'2014-11-24 22:41:57'),
('FYDIrk0XJe4rOBg',	24,	1,	'2014-11-24 20:58:30'),
('FYDu8volF16ZFk0',	25,	1,	'2014-11-24 21:04:11'),
('FYDwF8zwvg9Gllz',	20,	1,	'2014-11-24 18:32:27'),
('FygsaWnv2crENNS',	19,	1,	'2014-11-24 18:30:56'),
('FYh8xnKDGAsUgeu',	19,	1,	'2014-11-24 18:30:55'),
('FyhcMDu+nltoWGL',	22,	1,	'2014-11-24 20:53:49'),
('FyHXT7yihnbNZa8',	28,	1,	'2014-11-24 22:36:25'),
('FyIp21g8OFUwmRp',	29,	1,	'2014-11-24 22:41:58'),
('FYjOuF6742LT3Jj',	29,	1,	'2014-11-24 22:41:57'),
('FYjt2ro8RfHIXMy',	19,	1,	'2014-11-24 18:30:56'),
('FYkifPR6zOL4v6n',	25,	1,	'2014-11-24 21:04:10'),
('FYKjsri1IA8CZZk',	28,	1,	'2014-11-24 22:36:25'),
('FYnjztpzoG5Bxb3',	31,	1,	'2014-11-24 23:01:58'),
('FyO15hHbRJdkoRN',	32,	1,	'2014-11-24 23:19:31'),
('FyofVFGN8pA+6iP',	30,	1,	'2014-11-24 22:43:10'),
('FYOKvEsa8tY7YKu',	28,	1,	'2014-11-24 22:36:25'),
('FYQ686yChxmY/wb',	31,	1,	'2014-11-24 23:01:58'),
('FYqiTlV6j0EroF5',	26,	1,	'2014-11-24 21:58:51'),
('FyQRnr1+R2Hkugn',	26,	1,	'2014-11-24 21:58:51'),
('FyRTnmktqqzKvuv',	21,	1,	'2014-11-24 18:34:28'),
('FySGkM8lEDWvJzK',	32,	1,	'2014-11-24 23:19:31'),
('FyTWsWoGZgHqR7o',	24,	1,	'2014-11-24 20:58:30'),
('FYuFOa7wRGkfRMH',	30,	1,	'2014-11-24 22:43:10'),
('FyWEpohDu75RvEt',	26,	1,	'2014-11-24 21:58:51'),
('FyWiRUHq2viJ4T9',	25,	1,	'2014-11-24 21:04:10'),
('FYx0O7Zx+fE0S/N',	27,	1,	'2014-11-24 22:23:29'),
('FYxaI02xkUjQ54+',	24,	1,	'2014-11-24 20:58:30'),
('FYXybW7Ch7RVBiQ',	31,	1,	'2014-11-24 23:01:58'),
('Fyza7et54hUOzHe',	28,	1,	'2014-11-24 22:36:25'),
('FyZIyYDAqFUMTrd',	27,	1,	'2014-11-24 22:23:29'),
('FyzmUGo9PPuZL9b',	31,	1,	'2014-11-24 23:01:58'),
('Fz/FrKvDONuC1Nb',	26,	1,	'2014-11-24 21:58:51'),
('FZ/OE/V5DqFJ208',	22,	1,	'2014-11-24 20:53:49'),
('FZ++0W48SX7/2wE',	20,	1,	'2014-11-24 18:32:27'),
('Fz+agCvYX5AQIXA',	20,	1,	'2014-11-24 18:32:27'),
('Fz1Z9t7vxX70+vq',	25,	1,	'2014-11-24 21:04:11'),
('FZ56PDIv5YpFPvN',	27,	1,	'2014-11-24 22:23:29'),
('FZ5IhBqEkuXOX9D',	32,	1,	'2014-11-24 23:19:31'),
('FZ5NgnAzJ2/jkbN',	21,	1,	'2014-11-24 18:34:28'),
('FZ7Jq2NYT0vKFLU',	28,	1,	'2014-11-24 22:36:25'),
('Fz8A9WojRgVgxls',	25,	1,	'2014-11-24 21:04:11'),
('Fz8P4CNtnqF8Df9',	21,	1,	'2014-11-24 18:34:28'),
('Fz8TyGFLxpxwnD/',	22,	1,	'2014-11-24 20:53:49'),
('FZBh6uW230AEMQA',	27,	1,	'2014-11-24 22:23:29'),
('FZcwRqn+YZpqlQV',	31,	1,	'2014-11-24 23:01:58'),
('FzCykwhOyf/GXk0',	23,	1,	'2014-11-24 20:57:07'),
('FZD62erSo9gh2KB',	19,	1,	'2014-11-24 18:30:55'),
('FzDfPEjAOgTZtI3',	32,	1,	'2014-11-24 23:19:31'),
('FZe5ti6eAyi3dRX',	32,	1,	'2014-11-24 23:19:31'),
('FzEC6BsbwNK9p3T',	20,	1,	'2014-11-24 18:32:27'),
('FzHYag5TWQhohvj',	22,	1,	'2014-11-24 20:53:49'),
('Fzkya4V7De6a/mw',	27,	1,	'2014-11-24 22:23:29'),
('Fzl6ZJhX5nlv+yi',	23,	1,	'2014-11-24 20:57:07'),
('FZN78BxDShR+xrE',	23,	1,	'2014-11-24 20:57:07'),
('FzNlTQByILC7DxS',	32,	1,	'2014-11-24 23:19:31'),
('FZnR3bZoXed2Hob',	32,	1,	'2014-11-24 23:19:31'),
('FzODme+Fs5rUkwB',	19,	1,	'2014-11-24 18:30:55'),
('FZoGxt9l1wj1Gqf',	25,	1,	'2014-11-24 21:04:11'),
('FZPoskxkHIaa7c6',	21,	1,	'2014-11-24 18:34:28'),
('FzQwWnncjwBUNsA',	21,	1,	'2014-11-24 18:34:28'),
('FZRB1zc6RtqNfy4',	26,	1,	'2014-11-24 21:58:51'),
('FzrGh9UpUw+qT72',	25,	1,	'2014-11-24 21:04:10'),
('FZSAzCxhE2wzZEy',	31,	1,	'2014-11-24 23:01:58'),
('FzsjsMlIs/QM7bl',	22,	1,	'2014-11-24 20:53:49'),
('FZV8pGqmOVCNwSz',	30,	1,	'2014-11-24 22:43:10'),
('FzVEyyY/1qbS5z9',	20,	1,	'2014-11-24 18:32:27'),
('FZWc07KtH32Oexi',	26,	1,	'2014-11-24 21:58:51'),
('FzWtwKrtnie2FYy',	23,	1,	'2014-11-24 20:57:07'),
('FzXHhXhUTNNeZRf',	22,	1,	'2014-11-24 20:53:49'),
('FzxOVqE7fVD7MVf',	29,	1,	'2014-11-24 22:41:58'),
('FZXTgDBv1aKUedl',	32,	1,	'2014-11-24 23:19:31'),
('FZy/q247whX8miR',	27,	1,	'2014-11-24 22:23:29'),
('Fzz+WjoBrf25dGl',	27,	1,	'2014-11-24 22:23:29'),
('G2VP4e6wP4gFage',	16,	1,	'2014-11-24 18:12:09'),
('GbO7/0T2KRJxRDN',	14,	1,	'2014-11-07 14:10:46'),
('GjRhCyY8b1xjYRU',	16,	1,	'2014-11-24 18:12:09'),
('gM4GrzznwdLx1FS',	14,	1,	'2014-11-07 14:10:46'),
('goM4QirxXcmvSME',	16,	1,	'2014-11-24 18:12:09'),
('hcmJf2a3YhYq7jO',	15,	1,	'2014-11-24 18:10:34'),
('hcosY3nicwdrkwV',	15,	1,	'2014-11-24 18:10:34'),
('hL80sjOVyq6bxPS',	15,	1,	'2014-11-24 18:10:34'),
('HLnMBEQtUHakjdG',	16,	1,	'2014-11-24 18:12:09'),
('hScWHqNdMLO5JIZ',	15,	1,	'2014-11-24 18:10:34'),
('HUbWbbriyNbtNgo',	14,	1,	'2014-11-07 14:10:46'),
('HxBVMTFTfaLxzum',	14,	1,	'2014-11-07 14:10:46'),
('HyWpltLa7mhnsF7',	16,	1,	'2014-11-24 18:12:09'),
('I+krLCdeyf95WTy',	16,	1,	'2014-11-24 18:12:08'),
('I1dWl6DvEX/qkWF',	14,	1,	'2014-11-07 14:10:46'),
('I4Du36vUe6DpZEL',	14,	1,	'2014-11-07 14:10:46'),
('IcDhvG/34b1nq1i',	15,	1,	'2014-11-24 18:10:34'),
('iInehGl6K6dQvqC',	15,	1,	'2014-11-24 18:10:34'),
('iMAmlGC5YNLvnPl',	15,	1,	'2014-11-24 18:10:34'),
('IT4i8mB1EJ8QUDW',	16,	1,	'2014-11-24 18:12:08'),
('ITjHTNzRJ7TV63Q',	15,	1,	'2014-11-24 18:10:34'),
('IZjI3ScoPaSAbiy',	15,	1,	'2014-11-24 18:10:34'),
('jBVd3ZXmGkrHp6x',	16,	1,	'2014-11-24 18:12:08'),
('JG+NMmq5W4f9y7y',	15,	1,	'2014-11-24 18:10:34'),
('jUNn3++HMu09M8e',	16,	1,	'2014-11-24 18:12:09'),
('JVotHTarTFgUi5+',	15,	1,	'2014-11-24 18:10:34'),
('jW4fMF2EzW+bKTm',	15,	1,	'2014-11-24 18:10:34'),
('jxGSH+Q7wickf0l',	14,	1,	'2014-11-07 14:10:46'),
('JZB4iXcfSLlDawK',	14,	1,	'2014-11-07 14:10:46'),
('k9GF/Ms/dnpMaKl',	14,	1,	'2014-11-07 14:10:46'),
('KbzSagIEHqrG8Pr',	16,	1,	'2014-11-24 18:12:08'),
('kDV/TNZf7hwottx',	16,	1,	'2014-11-24 18:12:08'),
('KjF5GnxyjOzsm1R',	16,	1,	'2014-11-24 18:12:09'),
('ksJh+ETuyP9dTwH',	16,	1,	'2014-11-24 18:12:08'),
('kWHK57nzDRxRN6V',	15,	1,	'2014-11-24 18:10:34'),
('kwV/JaFgHCh0KS9',	14,	1,	'2014-11-07 14:10:46'),
('l/pEw64nUU3KH/x',	16,	1,	'2014-11-24 18:12:09'),
('L2H5zcWODze9gKu',	16,	1,	'2014-11-24 18:12:08'),
('l2rnh9eBr0u9XMy',	15,	1,	'2014-11-24 18:10:34'),
('l3m4NeebmPaAK11',	15,	1,	'2014-11-24 18:10:34'),
('L4kAZrTm2tP956F',	16,	1,	'2014-11-24 18:12:08'),
('L4l+rEGUUQugade',	14,	1,	'2014-11-07 14:10:46'),
('LDxRZqed9bAqYKQ',	16,	1,	'2014-11-24 18:12:08'),
('LkWTEzLhMv/FxSv',	14,	1,	'2014-11-07 14:10:46'),
('lL7QQrX1dzReGQx',	16,	1,	'2014-11-24 18:12:08'),
('llJl6R7FsuQ2/5H',	14,	1,	'2014-11-07 14:10:46'),
('LLLJF9VbssJytSW',	14,	1,	'2014-11-07 14:10:46'),
('LmqZjo6vycP6wBU',	14,	1,	'2014-11-07 14:10:46'),
('lOoyk+eayVldUwB',	15,	1,	'2014-11-24 18:10:34'),
('LQyjRKl39Z7N7Zv',	16,	1,	'2014-11-24 18:12:08'),
('LX2nEPi7l4ah5aC',	15,	1,	'2014-11-24 18:10:34'),
('lXdlBAnetcSFsQY',	14,	1,	'2014-11-07 14:10:46'),
('M41vjBJ6cpjhTdb',	16,	1,	'2014-11-24 18:12:09'),
('M8o5p0tiMmwS3rk',	16,	1,	'2014-11-24 18:12:09'),
('m9BKJCPoyGIAB1L',	14,	1,	'2014-11-07 14:10:46'),
('mCmEf15Mv5raHFx',	15,	1,	'2014-11-24 18:10:34'),
('MiCkoLeRswOfAG+',	15,	1,	'2014-11-24 18:10:34'),
('mKU0dO5vutFIhQ4',	15,	1,	'2014-11-24 18:10:34'),
('MNp5O5kXj3OIYKf',	16,	1,	'2014-11-24 18:12:08'),
('Mp/6NgdejOfe91H',	15,	1,	'2014-11-24 18:10:34'),
('mVt+fPAV+bXZDDf',	14,	1,	'2014-11-07 14:10:46'),
('Mym3ms0Mbwh6T0c',	14,	1,	'2014-11-07 14:10:46'),
('N/BLBbKlw2lDLsJ',	15,	1,	'2014-11-24 18:10:34'),
('n4AF/DmUkUAeImQ',	16,	1,	'2014-11-24 18:12:09'),
('N8vn9Ff5JwWfnpC',	14,	1,	'2014-11-07 14:10:46'),
('naSCda+ZKu491EY',	16,	1,	'2014-11-24 18:12:09'),
('nB2cNCa4In1XCkR',	14,	1,	'2014-11-07 14:10:46'),
('npFDsEkzB7eqV5I',	15,	1,	'2014-11-24 18:10:34'),
('nSndd+iHQnvcSE3',	15,	1,	'2014-11-24 18:10:34'),
('Nv0o2NRJTpvhX72',	15,	1,	'2014-11-24 18:10:34'),
('o1uhZAfp8IWixYD',	15,	1,	'2014-11-24 18:10:34'),
('o1upSMBGyqXkUui',	15,	1,	'2014-11-24 18:10:34'),
('O5RwlwPBOBuujBP',	15,	1,	'2014-11-24 18:10:34'),
('Ol6s27hJV9lx6mV',	16,	1,	'2014-11-24 18:12:09'),
('opGmI+EZIBzIrOs',	15,	1,	'2014-11-24 18:10:34'),
('os2lIJSv8lVJHKI',	16,	1,	'2014-11-24 18:12:09'),
('OuLxfj5RUMvlC6q',	16,	1,	'2014-11-24 18:12:09'),
('oyR07qRgvUHrqCk',	14,	1,	'2014-11-07 14:10:46'),
('p61VH7C54bIkruh',	14,	1,	'2014-11-07 14:10:46'),
('p76+7p1UdHlUf9l',	16,	1,	'2014-11-24 18:12:09'),
('p7Wk/rJQIjVCSwr',	15,	1,	'2014-11-24 18:10:34'),
('PaRTOpgito3ZQzI',	15,	1,	'2014-11-24 18:10:34'),
('PAWLkoWSYiOWq12',	15,	1,	'2014-11-24 18:10:34'),
('pf+U/muTPVm4lYK',	16,	1,	'2014-11-24 18:12:09'),
('pJOZH4fWlddaQLh',	14,	1,	'2014-11-07 14:10:46'),
('pmPruvAtvuaj2KT',	16,	1,	'2014-11-24 18:12:09'),
('pNIKkSXzdlxeblr',	15,	1,	'2014-11-24 18:10:34'),
('PrkCyZFYq8u1Ge7',	14,	1,	'2014-11-07 14:10:46'),
('PYsBYKlTY7JMfeu',	15,	1,	'2014-11-24 18:10:34'),
('PZv4FRZINBYGbaY',	16,	1,	'2014-11-24 18:12:09'),
('q5NXac2MynFk6Kc',	16,	1,	'2014-11-24 18:12:09'),
('q68YRDdamIXGPzl',	14,	1,	'2014-11-07 14:10:46'),
('q6oXDKAS+jfPBwd',	14,	1,	'2014-11-07 14:10:46'),
('QCxOIvKepl7Td+j',	16,	1,	'2014-11-24 18:12:09'),
('qDD/FEfGbMB8y13',	15,	1,	'2014-11-24 18:10:34'),
('qDf7Vvua1EVgVZa',	15,	1,	'2014-11-24 18:10:34'),
('Qip6m+vD8d2H40d',	15,	1,	'2014-11-24 18:10:34'),
('QiTy3N1sSqykTZi',	15,	1,	'2014-11-24 18:10:34'),
('QJIBHku/Prj51C+',	14,	1,	'2014-11-07 14:10:46'),
('Qjp0dlBJdDCsZfP',	16,	1,	'2014-11-24 18:12:09'),
('qnprdsr6XaYXAWx',	14,	1,	'2014-11-07 14:10:46'),
('QoYPne2zKpQIsOh',	14,	1,	'2014-11-07 14:10:46'),
('QSqZ/yDInRX2db+',	14,	1,	'2014-11-07 14:10:46'),
('qyEn3feIEai6AuR',	14,	1,	'2014-11-07 14:10:46'),
('Qz/zPgD12C73Kvk',	16,	1,	'2014-11-24 18:12:08'),
('RCVHM+2lfrI8JTI',	15,	1,	'2014-11-24 18:10:34'),
('rE7JjMIhoc/Au2Z',	15,	1,	'2014-11-24 18:10:34'),
('RN1tFY6c+se7XVY',	15,	1,	'2014-11-24 18:10:34'),
('RNyqNBIHXWVOqyT',	14,	1,	'2014-11-07 14:10:46'),
('ROjG2xmMmmRBZpM',	14,	1,	'2014-11-07 14:10:46'),
('rokD5WC1md5jrng',	15,	1,	'2014-11-24 18:10:34'),
('RPTDB99PaBckfqw',	14,	1,	'2014-11-07 14:10:46'),
('rTZ8RFqKJDM0evP',	14,	1,	'2014-11-07 14:10:46'),
('rYn8j7I2m/VK0EX',	15,	1,	'2014-11-24 18:10:34'),
('s7mGqfSpMS8dRG8',	14,	1,	'2014-11-07 14:10:46'),
('s7ywWH9UCsmq8Qn',	15,	1,	'2014-11-24 18:10:34'),
('SbC69ANvLLh4FFR',	14,	1,	'2014-11-07 14:10:46'),
('SdiLszkDYyH8F9I',	14,	1,	'2014-11-07 14:10:46'),
('sIkeGuDcVus4wki',	14,	1,	'2014-11-07 14:10:46'),
('sIyrnUpfTCy1xK+',	15,	1,	'2014-11-24 18:10:34'),
('sk57jrfAFn4+eEo',	16,	1,	'2014-11-24 18:12:09'),
('SlVm0r/TISL/fz0',	16,	1,	'2014-11-24 18:12:09'),
('SnoQgK07kCYAaeD',	15,	1,	'2014-11-24 18:10:34'),
('spCCu4p40FJuxZm',	16,	1,	'2014-11-24 18:12:09'),
('Srt6PeIh972fmmF',	15,	1,	'2014-11-24 18:10:34'),
('SwdHwsN+D4xCyOP',	14,	1,	'2014-11-07 14:10:46'),
('t+6SYQwX4drHzTY',	16,	1,	'2014-11-24 18:12:09'),
('T3M6DTKXh6TzdPP',	15,	1,	'2014-11-24 18:10:34'),
('T72qJobfJWMLt+N',	14,	1,	'2014-11-07 14:10:46'),
('TBFPxip5DJAm1HO',	16,	1,	'2014-11-24 18:12:09'),
('tfDrztW9zvfFnu7',	16,	1,	'2014-11-24 18:12:08'),
('tjIT4i24ct8P2lq',	14,	1,	'2014-11-07 14:10:46'),
('tjpVWHyyQtq4pGM',	16,	1,	'2014-11-24 18:12:08'),
('tRgatm5YqySm5vd',	16,	1,	'2014-11-24 18:12:08'),
('TU9LmKatfdqZbju',	14,	1,	'2014-11-07 14:10:46'),
('TvaBofyjeeMyz2I',	14,	1,	'2014-11-07 14:10:46'),
('u+zAkM5lFTRdSnk',	15,	1,	'2014-11-24 18:10:34'),
('ucuDJ0mb2PxlDxi',	14,	1,	'2014-11-07 14:10:46'),
('UGBaBbnk0hlLIcQ',	16,	1,	'2014-11-24 18:12:08'),
('uH0mxkKkF6gsg1L',	15,	1,	'2014-11-24 18:10:34'),
('uPz66xBk4nWsU4p',	15,	1,	'2014-11-24 18:10:34'),
('uQYOE7mMsspArn2',	15,	1,	'2014-11-24 18:10:34'),
('uRWJiTq7+6DMqFR',	15,	1,	'2014-11-24 18:10:34'),
('uwwbCxkYl2OlxJd',	15,	1,	'2014-11-24 18:10:34'),
('uxoGRWLQXQ5gFMV',	15,	1,	'2014-11-24 18:10:34'),
('v5SlauaOKkJm+DV',	15,	1,	'2014-11-24 18:10:34'),
('vDq74p0p1RQW5GI',	15,	1,	'2014-11-24 18:10:34'),
('VdTblMIOCkFMJ8Y',	14,	1,	'2014-11-07 14:10:46'),
('VgFP4z8VGovUqeQ',	15,	1,	'2014-11-24 18:10:34'),
('vIJVfxj34xwfga2',	15,	1,	'2014-11-24 18:10:34'),
('VlVOA2/UMAe0yCG',	14,	1,	'2014-11-07 14:10:46'),
('VrNzWM/36nQSerL',	15,	1,	'2014-11-24 18:10:34'),
('vruxTlNs8vpjd/j',	16,	1,	'2014-11-24 18:12:09'),
('vtkf7c0H1bAbRD9',	15,	1,	'2014-11-24 18:10:34'),
('vw3sR672iojju0w',	15,	1,	'2014-11-24 18:10:34'),
('W77rgAxhDKmT8dU',	16,	1,	'2014-11-24 18:12:09'),
('Wc3RN50E6tdvco2',	16,	1,	'2014-11-24 18:12:08'),
('WMVkXworIHtJRdz',	16,	1,	'2014-11-24 18:12:09'),
('WOUFdWLYNWzhMtc',	14,	1,	'2014-11-07 14:10:46'),
('wQgy0d/NFWiuEDq',	14,	1,	'2014-11-07 14:10:46'),
('WwoGhAzJDYw9iFE',	14,	1,	'2014-11-07 14:10:46'),
('x+oZo6aSfjFgJRW',	16,	1,	'2014-11-24 18:12:09'),
('x+tnlSSXjiFV164',	14,	1,	'2014-11-07 14:10:46'),
('XEfJokYZ91GS6fj',	16,	1,	'2014-11-24 18:12:08'),
('xEKIUjRlTTPATXQ',	14,	1,	'2014-11-07 14:10:46'),
('xIATMHoZKNaMdqj',	15,	1,	'2014-11-24 18:10:34'),
('xkQyJQYCjGE/wQw',	16,	1,	'2014-11-24 18:12:09'),
('XRohVfuW6EwqsXm',	16,	1,	'2014-11-24 18:12:09'),
('xvzNZfgsv1/KIFg',	16,	1,	'2014-11-24 18:12:09'),
('y7dKZfFeoPWgj/P',	15,	1,	'2014-11-24 18:10:34'),
('yDOS/snKGBCPn4+',	14,	1,	'2014-11-07 14:10:46'),
('YfmFShdLWGSoaSM',	14,	1,	'2014-11-07 14:10:46'),
('YoXwZOP0CxIeOpA',	14,	1,	'2014-11-07 14:10:46'),
('YUiDGEEuInd/9BM',	15,	1,	'2014-11-24 18:10:34'),
('Ywg6SviylfZ09ui',	16,	1,	'2014-11-24 18:12:08'),
('z9lU3s2vlgW7RLx',	15,	1,	'2014-11-24 18:10:34'),
('ZdYkxL04dWY4LoV',	16,	1,	'2014-11-24 18:12:09'),
('zgNwGpPKHLLV2Z4',	14,	1,	'2014-11-07 14:10:46'),
('zjCvzCy6+3X0ZHC',	15,	1,	'2014-11-24 18:10:34'),
('zOArQioppulsMCJ',	14,	1,	'2014-11-07 14:10:46'),
('zw+Z0f2JiFQc7i9',	16,	1,	'2014-11-24 18:12:08'),
('zw8cOaXLSx32PTj',	16,	1,	'2014-11-24 18:12:08'),
('ZXINkRmmMZQLw+6',	15,	1,	'2014-11-24 18:10:34'),
('zXKQY/GTWRI6rAO',	16,	1,	'2014-11-24 18:12:09');

DROP TABLE IF EXISTS `users`;
CREATE TABLE `users` (
  `u_id` int(11) NOT NULL AUTO_INCREMENT,
  `u_name` varchar(20) DEFAULT NULL,
  `u_password` varchar(150) DEFAULT NULL,
  `u_active` tinyint(1) NOT NULL DEFAULT '0',
  `u_email` varchar(30) DEFAULT NULL,
  `u_type` int(11) NOT NULL DEFAULT '0',
  `u_timestamp` timestamp NOT NULL DEFAULT CURRENT_TIMESTAMP,
  PRIMARY KEY (`u_id`)
) ENGINE=InnoDB AUTO_INCREMENT=36 DEFAULT CHARSET=latin1;

TRUNCATE `users`;
INSERT INTO `users` (`u_id`, `u_name`, `u_password`, `u_active`, `u_email`, `u_type`, `u_timestamp`) VALUES
(1,	'alice',	'202cb962ac59075b964b07152d234b70',	1,	'alice@bank.com',	0,	'2014-10-11 17:47:15'),
(2,	'bob',	'9f9d51bc70ef21ca5c14f307980a29d8',	1,	'bob@banking.com',	1,	'2014-10-11 17:48:00'),
(10,	'seyk',	'202cb962ac59075b964b07152d234b70',	1,	'mohsen.ahmadv@gmail.com',	0,	'2014-10-12 09:35:34'),
(11,	'admin',	'202cb962ac59075b964b07152d234b70',	1,	'admin@g16banking.com',	1,	'2014-10-12 13:43:22'),
(34,	'cipri',	'7823990f081b88d7736f565131ab5fba',	1,	'cipri7329@gmail.com',	0,	'2014-11-24 23:01:58'),
(35,	'lucaci',	'e3fb0f0f6456a4abba90238b7dde441d',	1,	'lucaci@in.tum.de',	0,	'2014-11-24 23:19:31');

-- 2014-11-25 13:32:54